店舗ID,店舗名,メインジャンル,サブジャンル,キャッチコピー,概要,住所,緯度,経度,電話番号,公式ホームページ,画像1,画像2
2,アーチャーラ,インド・カレー,,美味しいインドカレーをご自宅で！,26年変わらない伝統の味です！本場のスパイス、地元の食材を使った本格インドカレー、ふわふわのナンを是非、テイクアウトで食べてみてはいかがですか？インスタにテイクアウトメニューが載っていますので是非ご覧ください。,愛知県豊橋市神野新田町字宮前 84-1,34.737697,137.362764,(0520)47-3999,,https://mi.temirin.jp/data/contentset/tmp//F/3F/assets/spot/scKHNW.jpg,https://mi.temirin.jp/data/contentset/tmp//F/3F/assets/spot/T1IIta.png
3,カフェ&レストラン i am cafe,カフェ・喫茶店,洋食,おうちでカフェめし。いかがですか？,"テイクアウトメニューを当店インスタグラムページにアップしております。お電話にてご注文下さい。デリバリーは前日までのご予約で5,000円以上から承ります。",愛知県豊橋市牛川通 1-13-13 プラザ牛川通103,34.777829,137.419107,(0520)43-6650,http://iam-cafe.com,https://mi.temirin.jp/data/contentset/tmp//F/3F/assets/spot/xdnsOn.png,https://mi.temirin.jp/data/contentset/tmp//F/3F/assets/spot/smRhY8.jpg
4,あお星,洋食,,絶品！ハンバーグとカレーの店,自家挽きミンチの柔らかハンバーグ、旨味、甘味、酸味、辛味、苦味、香りのほどよいバランスのカレー。その他のメニューもテイクアウトしていただけます。是非、ご家庭でもどうぞ！,愛知県豊橋市東脇 2-14-11,34.751381,137.360005,(0520)34-6430,,https://mi.temirin.jp/data/contentset/tmp//F/3F/assets/spot/3qoRFV.jpg,
5,赤から鍋・焼肉 赤から 豊橋曙店,居酒屋,,やみつきの鶏かわ串揚げ・手羽先唐揚げをぜひ,特製ダレでパリッと揚げた「鶏かわ串揚げ」とスパイシーさがやみつきの「手羽先唐揚げ」をお持ち帰りでご用意いたします。お電話でのご予約は15:00～承ります。お気軽に店舗までお電話ください。,愛知県豊橋市曙町南松原 8-1,34.7303,137.400412,(0520)47-1501,http://takeout.kora.co.jp/akakara/B/?sid=308,https://mi.temirin.jp/data/contentset/tmp//F/3F/assets/spot/SHEBkK.jpg,https://mi.temirin.jp/data/contentset/tmp//F/3F/assets/spot/DQtlkA.jpg
9,フランス料理 アトワタン,フレンチ,,旬の野菜中心で作る小さな弁当です,様々なこだわりの料理を楽しめるフランス料理店アトワタンでは、シェフが作る旬の食材を使ったお弁当を限定40食で販売中。この時期だからこそ味わえる1品をお見逃しなく。,愛知県豊橋市大国町 52 西山ビル1F,34.760828,137.391644,(0520)39-5636,http://atroistemps.jp/,https://mi.temirin.jp/data/contentset/tmp//F/3F/assets/spot/QCmc7f.jpg,
10,お肉とお野菜 あら川,洋食,和食,お店の味をご自宅で！テイクアウト始めました！,ご予約での承りとなります。ご注文の際は、お電話にてご確認お願いします。,愛知県豊橋市広小路 1-37,34.764141,137.384029,(0520)56-3339,,https://mi.temirin.jp/data/contentset/tmp//F/3F/assets/spot/ELiw9c.png,https://mi.temirin.jp/data/contentset/tmp//F/3F/assets/spot/4hVT4b.png
11,魚介と和牛 あら萬,和食,寿司,お店の味をご自宅で！テイクアウト始めました！,ご予約での承りとなります。ご注文の際は、お電話にてご確認お願いします。,愛知県豊橋市大橋通 1-98 コンフォートホテル1F,34.765333,137.383098,(0520)39-8659,https://araman-coco-entertainment.gorp.jp,https://mi.temirin.jp/data/contentset/tmp//F/3F/assets/spot/XixvXc.jpg,https://mi.temirin.jp/data/contentset/tmp//F/3F/assets/spot/totX0e.jpg
12,HAMBURGER & HOT DOG AMBER'S,ハンバーガー・サンドイッチ,,本格派クラフトバーガーをご自宅で！,自慢のビーフ100％パティとこだわりバンズが作る絶品バーガーをぜひ。田原ポークを使ったホットドッグも人気です。ハンバーガー、ホットドッグメニューは全品テイクアウト可能で、フライドポテト付きです。お電話で事前注文頂けるとお渡しがスムーズです。,愛知県豊橋市牛川通 1-18-7 フォンテーヌ北側1F,34.776694,137.421319,(0520)75-0564,https://www.ambers-stand.com,https://mi.temirin.jp/data/contentset/tmp//F/3F/assets/spot/zjFdei.jpg,
13,おでんや 勇魚や,居酒屋,和食,おでんは年中食べて美味しいんです！！,おでん単品からのご注文承ります。お任せセット販売もしております。容器のご用意はございますが、別途費用がかかってしまいますので、ご自宅のタッパーを持ってきていただければそちらにお入れいたします。,愛知県豊橋市新本町 81-2,34.766279,137.386873,(0520)75-0916,,https://mi.temirin.jp/data/contentset/tmp//F/3F/assets/spot/Jsptyn.jpg,
14,出雲そば 千成,うどん・そば,,豊橋カレーうどんをおうちで食べよう！,お弁当、肉うどん、五目うどんなど各種取り揃えております。おうちでお店の味をぜひ！電話注文も可能です。夜の営業時間は、変更の可能性がありますので、お電話にてご確認下さい。,愛知県豊橋市飯村南 2-26-8,34.743942,137.424089,(0520)63-8095,,https://mi.temirin.jp/data/contentset/tmp//F/3F/assets/spot/uSUVYu.jpg,
15,炭火うなぎ・和風料理 伊勢梅,和食,,伊勢梅の味をご家庭で！,"うなぎ弁当2,200円～、松花堂弁当1,000円～、天丼1,200円、ひれかつ丼1,200円、鰻の蒲焼き・白焼き各1,900円～、お刺身盛合せ、天婦羅盛合せ各1,500円～、一品料理も有。（全て外税）事前にお電話でご予約頂くとスムーズです。",愛知県豊橋市岩屋町字岩屋下 29-74,34.737174,137.423649,(0520)63-4748,https://unagi-restaurant-363.business.site/?utm_source=gmb&utm_medium=referral,https://mi.temirin.jp/data/contentset/tmp//F/3F/assets/spot/P8EPiE.png,https://mi.temirin.jp/data/contentset/tmp//F/3F/assets/spot/R42MAP.png
16,イタリア食堂 サーフラップス,イタリアン,カフェ・喫茶店,イタリアンキッチンカー「クルマ DE れすとらん」,その日の営業場所、時間はFacebookページをご覧下さい。電話でご注文くだされば、ドライブスルーのように出来上がりを即お渡しできます。また、天候不良の日は、デリバリーを致します。,愛知県豊橋市花田一番町 123-1,34.76402,137.379929,090-9894-3084,,https://mi.temirin.jp/data/contentset/tmp//F/3F/assets/spot/CiRIx2.jpg,
17,pasta & dining イタリアの台所 madoka,イタリアン,創作・ダイニング,"ペンネ、前菜サラダ、パン付きで一箱1,000円税別",お家でイタリアン！他にもオードブル680円～弁当、アクアパッツァ等その他要望あればご相談下さい。前日19:00迄にお電話にてお待ちしてます。,愛知県豊橋市中浜町 152-1,34.740094,137.373983,(0520)37-1337,http://www.madoka-nakahama.com/,https://mi.temirin.jp/data/contentset/tmp//F/3F/assets/spot/XUwAhh.jpg,
18,手巻きとまぶし いっしょうめし 本店,和食,惣菜・オードブル・お弁当,とよはし道の駅「いっしょうめし」毎日営業しています,豊橋牛を使用したおむすびをはじめ、5種類の手作りおむすびがございます。豊橋牛カレーや、唐揚げポテトも販売中。数に限りがある商品もございますのでお早めにお立ち寄りください。,愛知県豊橋市東七根町字一の沢 113-2,34.696049,137.414209,(0520)73-1991,,https://mi.temirin.jp/data/contentset/tmp//F/3F/assets/spot/v67Pay.jpg,https://mi.temirin.jp/data/contentset/tmp//F/3F/assets/spot/cfMSnQ.jpg
19,ビアハウス ウィスバーデン,居酒屋,たこ焼き・お好み焼き,ビアハウスの人気メニューをお持ち帰りしませんか！,ウィスバーデン自慢のソーセージやポテト料理、お好み焼き・焼きそばがテイクアウトできます。注文は電話にて（受付16:00～）、前日までの注文がスムーズです。,愛知県豊橋市松葉町 1-5,34.765422,137.383459,(0520)53-3455,,https://mi.temirin.jp/data/contentset/tmp//F/3F/assets/spot/tgCI39.jpg,
20,チャイニーズダイニング Oolong,中華,,食べて元気になれる！絶品！Oolongのお弁当,メニューの内容はホームページまたは電話で御確認ください 。,愛知県豊橋市向草間町字北新切 20-1,34.726268,137.377334,(0520)45-3610,https://eventhome.wixsite.com/toyohashi-oolong,https://mi.temirin.jp/data/contentset/tmp//F/3F/assets/spot/YwmI9v.png,https://mi.temirin.jp/data/contentset/tmp//F/3F/assets/spot/VVYKfU.png
21,魚伊,惣菜・オードブル・お弁当,,鮮度と天然物にこだわった魚屋の刺身と惣菜をご自宅で,市内の飲食店に鮮魚を卸している魚屋です。魚屋だからこそ新鮮な魚介類にこだわった刺身と惣菜をテイクアウト出来ます。その日の仕入れた鮮魚を中心に、一つひとつ手作りしているので数に限りがあります。「こんな魚が食べたい」など相談もOK。電話予約も◎。,愛知県豊橋市魚町 19,34.766236,137.388911,(0520)52-5256,,https://mi.temirin.jp/data/contentset/tmp//F/3F/assets/spot/RyY8rk.jpg,
22,漁郷 井原店,寿司,,一つ一つ丁寧に握っております,3人前の桶から、お1人用の折りまで、色々と対応しております。また、お好きなお寿司を一皿単位でご注文もできます。是非、ご利用ください。,愛知県豊橋市井原町 48-4,34.763972,137.423322,(0520)63-1598,https://localplace.jp/sp/t200376312/,https://mi.temirin.jp/data/contentset/tmp//F/3F/assets/spot/VrJ89M.jpg,
23,（有）魚治,惣菜・オードブル・お弁当,和食,お刺身はもちろん、魚屋ならではのお弁当をどうぞ！！,鮮魚、仕出しはもちろん、お弁当、お刺身オードブルなどなどご予算に応じておつくり致します。店頭にてお刺身、揚げ物、焼き魚、酢の物等も販売しております。10食以上のお弁当は前日までにご注文をお願い致します。,愛知県豊橋市南栄町空池 63-7,34.733009,137.38454,(0520)45-3923,,https://mi.temirin.jp/data/contentset/tmp//F/3F/assets/spot/kygwni.jpg,
24,仕出・宴会・法事 有限会社魚七商店,惣菜・オードブル・お弁当,,仕出屋の弁当が500円で！刺身入りでも700円とお得！,石巻で仕出・宴会・法事を完全予約で承ります。当日朝10:00までの予約で昼の弁当、15:00までの予約で夜の弁当のご注文OK。焼魚弁当500円、ミックスフライ弁当500円、さしみ弁当700円、おつまみパック500円、だし巻き卵500円、コロッケ1個70円。,愛知県豊橋市石巻本町字市場 132-2,34.800821,137.438165,(0520)88-0038,https://ameblo.jp/uoshichisyouten-yui/,https://mi.temirin.jp/data/contentset/tmp//F/3F/assets/spot/SAF2RP.png,https://mi.temirin.jp/data/contentset/tmp//F/3F/assets/spot/lVt3vp.png
26,ココアと帽子と贈りもの utatane banané.,カフェ・喫茶店,和・洋菓子、スイーツ,大人も子供も、ココアで『ほっと。ひといき。』,こだわりの香り高いココアを丁寧にお作りしております。ココアは甘さ控えめから甘めのものまで！ココアのお供におすすめの『夢見るバナナケーキ』はふんわり、しっとり。小さなお子様からお召し上がり頂けます。事前予約だとお渡しがスムーズです。,愛知県豊橋市瓦町 63,34.760136,137.409996,090-9223-5587,https://utatane-banane.jimdosite.com/,https://mi.temirin.jp/data/contentset/tmp//F/3F/assets/spot/agKeh1.jpg,
27,おうちで うなぎ割烹 一愼、,和食,,おうちでうなぎ割烹　一愼、,うなぎまぶし、鰻重（肝焼付）、肝唐揚（当店名物）、うまき、蒲焼、白焼（3種の薬味付）、割烹料理の一部、とらふく唐揚げ、オードブル等、御希望でお作りします。お電話でお問い合わせ下さい。営業時間に関係なく、御希望時間に合わせます。,愛知県豊橋市松葉町 2-35,34.766251,137.384137,(0520)56-8233,http://www.issin.jp,https://mi.temirin.jp/data/contentset/tmp//F/3F/assets/spot/NdZw3E.png,https://mi.temirin.jp/data/contentset/tmp//F/3F/assets/spot/2Q7MPk.png
28,旨里豊橋 割烹一平,和食,,割烹の味をご自宅で。週替り惣菜セット・炊込みご飯,"惣菜セット（5種2人前2,160円）と炊き込みご飯（380g 500円）を特別にご用意（メニューは週替り）。オリジナルの出汁「しほさゐ」（500円）や、これで調理した茶碗蒸し（630円）も販売。※税込・木金土のみの販売（2人前以上は他曜日も対応）",愛知県豊橋市松葉町 2-29,34.76661,137.384135,0120-15-4426,https://kappoh-ippei.com/,https://mi.temirin.jp/data/contentset/tmp//F/3F/assets/spot/rdfzD2.jpg,https://mi.temirin.jp/data/contentset/tmp//F/3F/assets/spot/5ZweLL.jpg
29,町屋Dining 海月,和食,,"居酒屋のお弁当1,000円～ご用意！","居酒屋ならではの品数豊富なお弁当をご用意。5,000円～配達（豊橋市内、他エリア応相談）。配達は現金のみ、持ち帰りはクレカ使用OK。会議、接待、ママ会（お子様メニューも相談可）やパーティーにもぜひ。来店注文可、電話での事前予約がスムーズです。",愛知県豊橋市松葉町 2-36-1,34.766173,137.383986,(0520)53-5358,,https://mi.temirin.jp/data/contentset/tmp//F/3F/assets/spot/RFhihw.jpg,https://mi.temirin.jp/data/contentset/tmp//F/3F/assets/spot/4ssgBi.jpg
32,縁の鈴なり,惣菜・オードブル・お弁当,和食,味とボリュームに自信あり！ご要望も承ります！,出来れば前日までにご注文をお願い致します。（遅くとも5時間前までに連絡をお願い致します。）デリバリーは基本4個以上のご注文で対応させて頂きます。また、デリバリーの範囲は5キロ圏内ですがご相談に応じますのでお問合せ下さい。,愛知県豊橋市松葉町 2-66-2 ロッキービル1F,34.766199,137.384849,080-3647-3331,http://www.en-suzu.com/,https://mi.temirin.jp/data/contentset/tmp//F/3F/assets/spot/oQ1rM6.jpg,
33,名物 黒毛和牛 炙りもつ鍋 お江戸 本店,和食,,来店注文可、お電話での事前予約注文がおすすめです。,名物の「炙りもつ鍋」をご自宅で。鍋と人気メニューを盛合せたオードブルがセットになった、ディナーセットがおススメ。ぷりぷりモツとこだわりのスープをお楽しみ下さい。,愛知県豊橋市松葉町 1-24,34.765345,137.383694,(0520)53-0150,,https://mi.temirin.jp/data/contentset/tmp//F/3F/assets/spot/Sqn37W.png,
36,ベーカリーレストラン オールドコースこすたりか,洋食,,#お家でこすたりか,こすたりかの味をご家庭で。電話にてご注文下さい。当日17:00まで受付しております。,愛知県豊橋市牛川通 3-14-14,34.779025,137.421699,(0520)66-2882,https://cafe-costarica.com/,https://mi.temirin.jp/data/contentset/tmp//F/3F/assets/spot/XVqeYP.jpg,https://mi.temirin.jp/data/contentset/tmp//F/3F/assets/spot/stWarK.jpg
37,ハンバーグ専門店 オクトパス☆ガーデン,洋食,,国産牛肉100%！つなぎなし！大人の贅沢！,専門店が作るハンバーグは国産牛肉100%でつなぎを使わないので贅沢なお肉をダイレクトに味わえると好評です。人気の牛ばーぐ丼も仲間入り！ぜひこの機会にお試しください。,愛知県豊橋市新吉町 34,34.763487,137.393623,(0520)53-4455,http://okutopus-g.blogspot.com/?m=1/,https://mi.temirin.jp/data/contentset/tmp//F/3F/assets/spot/tJE1iG.jpg,
38,焼肉 おぜん屋,焼肉・ステーキ,,テイクアウトの丼もの・弁当は10%OFF！,肉丼、牛タンカレー、ビビンパなどの商品をテイクアウトの他に、焼肉全メニューもテイクアウトできます。全て希望の味付けができるからおぜん屋の味がお家で簡単に再現可能です。,愛知県豊橋市神野新田町字中道東 235-3,34.73159,137.359631,(0520)39-5870,,https://mi.temirin.jp/data/contentset/tmp//F/3F/assets/spot/Nxe3mE.jpg,
39,みそと豆腐、時々うどん  お寺,和食,うどん・そば,麦とろごはんと豆腐料理のお弁当,当店の豆腐料理ランチ「お寺ランチ」をお弁当にし、テイクアウトで楽しんで頂けるようにしました。特製唐揚げ入りです！,愛知県豊橋市浜道町字北側 27-1 B2,34.7199,137.404622,(0520)47-6137,,https://mi.temirin.jp/data/contentset/tmp//F/3F/assets/spot/ADIroE.jpg,
42,飛騨牛焼肉・ハラミ弁当専門店 朧月,焼肉・ステーキ,惣菜・オードブル・お弁当,飛騨牛焼肉専門店の味を自宅で気軽に堪能♪,"デリバリーは半径3キロ圏内。1,600円より送料無料。詳細は　出前館　朧月豊橋店で検索！",愛知県豊橋市駅前大通 1-34-1,34.762903,137.385171,(0520)55-5722,,https://mi.temirin.jp/data/contentset/tmp//F/3F/assets/spot/tLU0PG.png,https://mi.temirin.jp/data/contentset/tmp//F/3F/assets/spot/6jjtlL.png
44,かちゃぐり屋 豊橋店,居酒屋,,つまみから食事まですべてを提供！！,ちょい飲みのおつまみからがっつりのステーキ＆お好み焼きまでかちゃぐり屋の出来立てをご自宅で！,愛知県豊橋市駅前大通 1-12 タカラビルB1,34.763558,137.384413,(0520)39-7677,,https://mi.temirin.jp/data/contentset/tmp//F/3F/assets/spot/wqq4GR.png,https://mi.temirin.jp/data/contentset/tmp//F/3F/assets/spot/1vJSWZ.png
45,こだわりとんかつ かつ時 豊橋店,とんかつ・串揚げ,,とんかつ屋のとんかつ弁当,専門店のとんかつ、オードブル、カツサンド、単品など店内のメニュー（一部メニュー除く）がお弁当としてテイクアウトできます。お電話でご注文、駐車場も完備しているので店内で待たずにお受取りできます。,愛知県豊橋市向山大池町 13-1,34.756773,137.404078,(0520)57-0710,http://www.katutama.jp,https://mi.temirin.jp/data/contentset/tmp//F/3F/assets/spot/wz3qZ9.png,https://mi.temirin.jp/data/contentset/tmp//F/3F/assets/spot/NaQB7l.jpg
47,gardendining Kado,創作・ダイニング,,10周年！テイクアウト開始！お電話でご注文下さい,"【7月、8月はテイクアウトを休止します】表示価格（税込）の10%オフでご提供。（割引きの上限は3,000円）只今非常事態のため11:00よりお受け渡し可能です。お電話でのご注文後お作りいたします。※営業時間は状況により変更することもあります。",愛知県豊橋市駅前大通 2-54,34.76217,137.385857,(0520)39-6069,https://gdkado.dosugoi.net/e1132369.html,https://mi.temirin.jp/data/contentset/tmp//F/3F/assets/spot/0kAAXz.jpg,https://mi.temirin.jp/data/contentset/tmp//F/3F/assets/spot/VO0heP.jpg
49,中国旬菜 荷楓杏,中華,,野菜たっぷりヘルシー中華をご自宅で,お好きな単品を+200円でお弁当に致します。その他、単品のみのテイクアウトやご予算に応じたオードブルもご注文承ります。,愛知県豊橋市柱一番町 23-1,34.744868,137.384955,(0520)46-5577,,https://mi.temirin.jp/data/contentset/tmp//F/3F/assets/spot/Y7AWK5.jpg,
50,cafe & gateaux knohd,カフェ・喫茶店,和・洋菓子、スイーツ,天使も気になるゆったりカフェ,要予約ですが、20分ほどお待ちいただければ直接ご来店いただいても対応させていただきます。ご自宅でゆっくりとカフェのスイーツなどをお楽しみ下さい。,愛知県豊橋市駅前大通 1-111,34.761709,137.384621,070-6533-6664,https://knohd.jp,https://mi.temirin.jp/data/contentset/tmp//F/3F/assets/spot/XNXBno.jpg,
51,Cafeteria Brasil,ハンバーガー・サンドイッチ,焼肉・ステーキ,本場ブラジルの味をご自宅で！,ボリュームたっぷりでジューシーなハンバーガーやサンドイッチをはじめとした本場ブラジル料理が楽しめます。おうちに居ながら海外旅行しているような気分になれるかも？（テイクアウトは10%OFFができません）,愛知県豊橋市東光町 12,34.764297,137.420707,080-7000-1830,,https://mi.temirin.jp/data/contentset/tmp//F/3F/assets/spot/RNxl3I.jpg,
52,COFFEE & SANDWICHES CAFE405,カフェ・喫茶店,,穂のかの食パンを使用した手づくりサンドイッチが人気,香熟食パン「穂のか」の食パンを使用し、たっぷりの具材を挟んだ「サンドイッチ」は10種類以上をご用意しております。また、ほしの珈琲さんにブレンドしていただいた「オリジナル珈琲」もテイクアウトできます。サンドイッチとぜひお楽しみください。,愛知県豊橋市曙町字南松原 9-1,34.730005,137.400706,(0520)38-5772,http://takeout.kora.co.jp/,https://mi.temirin.jp/data/contentset/tmp//F/3F/assets/spot/dVNrh5.jpg,
53,パスタ&デリ&ワッフル Café WASHAGANCHI +,惣菜・オードブル・お弁当,カフェ・喫茶店,おうちで「WASHAGANCHI」ごはん！,"お店の味をそのままに。人気のキッシュや新たに食事につかえるパスタ、ドリアもお持ち帰り可能。デザートに当店名物のワッフルもどうぞ。デリの詰め合わせランチパックやオードブル、様々なテイクアウトがあり。デリバリーは10,000円（税抜）以上の注文で前日までの予約です。",愛知県豊橋市前田町 2-11-2,34.761427,137.397543,(0520)54-3886,,https://mi.temirin.jp/data/contentset/tmp//F/3F/assets/spot/Xs232s.jpg,https://mi.temirin.jp/data/contentset/tmp//F/3F/assets/spot/yqb19R.jpg
54,がブリチキン 豊橋駅前店,居酒屋,惣菜・オードブル・お弁当,テイクアウトはじめました,8年連続金賞受賞のがブリチキンからあげがご自宅で楽しめます♪電話予約で時間指定も可能です！！,愛知県豊橋市広小路 1-4-3,34.764744,137.383462,(0520)52-3331,,https://mi.temirin.jp/data/contentset/tmp//F/3F/assets/spot/zmn9ni.jpg,
55,スパイスカレーのお店 Cardamon,インド・カレー,カフェ・喫茶店,家で食べるスパイスカレーはじめました。,豊橋駅スターバックス前にあるcurry.coffee.sweetsのお店。定番のチキンカリーや病みつきになるポークカリー、看板カリーのエスニックキーマまでメニューのほとんどがテイクアウトが可能。保存可能な真空パックのルーのみも対応可能。お子様も召し上がっていただけるカレーも。,愛知県豊橋市駅前大通 1-59 坂田ビル1F,34.76277,137.384367,(0520)35-6155,https://life-designs.jp/webmagazine/cardamon/,https://mi.temirin.jp/data/contentset/tmp//F/3F/assets/spot/N68vzK.jpg,
56,カルビ一丁 豊橋店,焼肉・ステーキ,,焼肉店の本格肉弁当！牛カルビ！牛タン！うまい！！,カルビ一丁の厳選された牛カルビや牛タンをテイクアウトならではのお手頃価格でご用意しました。この機会に、とことん旨味にこだわった絶品弁当でスタミナをつけて心も体も元気になってください！,愛知県豊橋市藤沢町 117-1,34.74497,137.37099,(0520)37-5300,http://takeout.kora.co.jp/kalubi/,https://mi.temirin.jp/data/contentset/tmp//F/3F/assets/spot/x1AbNe.jpg,https://mi.temirin.jp/data/contentset/tmp//F/3F/assets/spot/pLepwK.jpg
57,カルビ一丁 花田店,焼肉・ステーキ,,焼肉店の本格肉弁当！牛カルビ！牛タン！うまい！！,カルビ一丁の厳選された牛カルビや牛タンをテイクアウトならではのお手頃価格でご用意しました。この機会に、とことん旨味にこだわった絶品弁当でスタミナをつけて心も体も元気になってください！,愛知県豊橋市花田町字中ノ坪 23,34.768771,137.375838,(0520)31-8886,"
http://takeout.kora.co.jp/kalubi/",https://mi.temirin.jp/data/contentset/tmp//F/3F/assets/spot/MLphIh.jpg,https://mi.temirin.jp/data/contentset/tmp//F/3F/assets/spot/5pLXoQ.jpg
58,カルビ一丁 平川店,焼肉・ステーキ,,焼肉店の本格肉弁当！牛カルビ！牛タン！うまい！！,カルビ一丁の厳選された牛カルビや牛タンをテイクアウトならではのお手頃価格でご用意しました。この機会に、とことん旨味にこだわった絶品弁当でスタミナをつけて心も体も元気になってください！,愛知県豊橋市平川町 26-1,34.762518,137.421896,(0520)66-3333,"
http://takeout.kora.co.jp/kalubi/",https://mi.temirin.jp/data/contentset/tmp//F/3F/assets/spot/B4zBDq.jpg,https://mi.temirin.jp/data/contentset/tmp//F/3F/assets/spot/ONBMi2.jpg
59,韓丼 豊橋下地店,韓国,,大人気のカルビ丼やスン豆腐をご自宅で！,韓丼の味をご自宅でもお楽しみいただけます。スタミナ抜群、ボリューム満足、美味しくて安心！毎日手作りのこだわった韓丼自慢の味をお召し上がりください。,愛知県豊橋市大村町字高之城 1,34.793934,137.389359,(0520)26-7776,http://kandon.jp/,https://mi.temirin.jp/data/contentset/tmp//F/3F/assets/spot/ndrHoF.png,https://mi.temirin.jp/data/contentset/tmp//F/3F/assets/spot/hdgsxk.png
60,本気炭火焼鶏 きざし,焼鳥・串焼き,,本格炭火やきとりをご自宅で♪,お昼は弁当、夜は弁当＆やきとり等をテイクアウト出来ます。ご来店してご注文いただいた後、そこから作るので出来たてを満喫！お時間に限りのある方は、ご来店前にお電話でのご注文も承っております。ご指定の受け取り時間に完成するよう、可能な限り対応致します。,愛知県豊橋市上伝馬町 26,34.768195,137.385581,(0520)26-8810,,https://mi.temirin.jp/data/contentset/tmp//F/3F/assets/spot/YRwbH1.jpg,https://mi.temirin.jp/data/contentset/tmp//F/3F/assets/spot/viJT0J.jpg
61,喫茶 カチカチ山,カフェ・喫茶店,,テイクアウト始めました！コロナに負けずに頑張ろう！,丼、お弁当、お子さま向け軽食などがございます。メニューの詳細はインスタをご覧ください。事前の電話連絡有り無しどちらでも可能で当日もOKです。インスタ内の連絡でも受付けます。（デリバリーはございません）大変な時ですが皆さんで支え合いましょう！,愛知県豊橋市小松町 36-1,34.741524,137.389317,(0520)48-2082,,https://mi.temirin.jp/data/contentset/tmp//F/3F/assets/spot/S4jJxt.jpg,
62,焼肉 吉祥庵,焼肉・ステーキ,,当日の予約が可能です,自宅でも吉祥庵の焼肉が少しでも堪能できるようにテイクアウトはじめました。是非一度ご賞味ください。,愛知県豊橋市小松町 170-1,34.740046,137.392653,(0520)39-4477,,https://mi.temirin.jp/data/contentset/tmp//F/3F/assets/spot/AWNVif.jpg,
63,まちの洋食屋さんキッチンいまい,洋食,惣菜・オードブル・お弁当,毎日のお弁当やホームパーティーのオードブルに！,お弁当やオードブルのテイクアウト、デリバリー、出張シェフサービスと、お店でしか食べれない物を自宅で！ご予算、数量、時間、場所はご相談下さい。予めお電話でのお問合せをお願い致します。,愛知県豊橋市中岩田 2-9-3,34.753319,137.425231,(0520)74-3380,http://kitchen-imai.com/,https://mi.temirin.jp/data/contentset/tmp//F/3F/assets/spot/A0abL2.png,https://mi.temirin.jp/data/contentset/tmp//F/3F/assets/spot/zbXylS.png
64,キッチンクボタ,イタリアン,,美味しいパスタをご自宅で！,ただ今テイクアウトは定価より15%OFFにて提供しております。（ナポリタン、お弁当を除きます）また、テイクアウトナポリタンは500円！（税別）イタリアンレストランのナポリタンをこの機会にどうぞ。（テイクアウト限定）,愛知県豊橋市菰口町 6-15-12 2F,34.772998,137.372188,(0520)32-7333,,https://mi.temirin.jp/data/contentset/tmp//F/3F/assets/spot/oNjz1J.png,https://mi.temirin.jp/data/contentset/tmp//F/3F/assets/spot/i3R9RD.png
65,洋食厨房 キッチン Demi,洋食,,「お家で美味しいもの食べたーい」にお応えします！,当店がこだわるホッとするご馳走をオードブルやお弁当のスタイルで提供しています。詳しくはHP、フェイスブック、インスタ等で紹介しています。前日までにお電話下さい。,愛知県豊橋市飯村北 3-3-9,34.744989,137.424436,(0520)64-6008,http://www.kitchen-demi.com/sp/,https://mi.temirin.jp/data/contentset/tmp//F/3F/assets/spot/k1tVUz.jpg,https://mi.temirin.jp/data/contentset/tmp//F/3F/assets/spot/ryHAix.jpg
66,スパイスカレーとガッツリ定食 キッチン山田農園,インド・カレー,惣菜・オードブル・お弁当,キッチン山田農園のメニューをおうちでどうぞ,スパイスカレーやガッツリ定食をおうちでも。朝5時からやってるよ。ゆっくり選んでお電話してね。価格は全て税込です。,愛知県豊橋市下五井町字捨田 32-1 豊橋魚市場前,34.789596,137.371067,090-3307-6099,https://yamadanouen.dosugoi.net/,https://mi.temirin.jp/data/contentset/tmp//F/3F/assets/spot/gvhx1v.png,https://mi.temirin.jp/data/contentset/tmp//F/3F/assets/spot/plZsFw.png
67,せいろ蒸し 絹さや,和食,惣菜・オードブル・お弁当,品数豊富で色々楽しめる体に優しい絹さやの味をお家で,"せいろ蒸しのお店です。日頃リクエストがありながらもお断りしていたお弁当。今だからこそお作りします。絹さや弁当1,000円（税込）、茶碗蒸し250円（税込）などをご用意。お弁当と一緒にお買い上げの方は茶碗蒸しが200円に。（前々日までに要予約）",愛知県豊橋市岩崎町字長尾 56-1,34.748767,137.447031,(0520)62-9916,,https://mi.temirin.jp/data/contentset/tmp//F/3F/assets/spot/ijQQnz.jpg,
68,喜聞屋 讃岐骨付き鶏,居酒屋,焼鳥・串焼き,本場の味！香川県丸亀市発祥の骨付き鶏をご家庭で♪,テイクアウト商品は、前日20:00まで要予約となっております。店固定電話のみご予約受付いたします。,愛知県豊橋市平川町 7 岩瀬店舗2号,34.763626,137.423157,(0520)75-1369,,https://mi.temirin.jp/data/contentset/tmp//F/3F/assets/spot/XVGmqE.jpg,
69,飛騨牛焼肉 牛嵐山,焼肉・ステーキ,,飛騨牛そぼろと自家製ナムルの牛嵐山飛騨牛ピビンバ,新型コロナウィルス感染拡大に伴い、期間限定でテイクアウトを開始します。自慢の飛騨牛ピビンバは飛騨牛そぼろとと自家製ナムルを使用した逸品です。当店特製のタレをかけてお召し上がり下さい。前日の23:00までの予約受付限定となります。,愛知県豊橋市つつじが丘 2-28-5,34.748266,137.399705,(0520)63-5838,,https://mi.temirin.jp/data/contentset/tmp//F/3F/assets/spot/LW01mL.jpg,
70,京料理とおばんざい 吉良屋,和食,,本格京料理をお値打ちに,"毎日数量限定、700円のお値打ち価格で京料理のお弁当をお楽しみいただけます。その他ちょっと贅沢に、1,500円～5,800円までもご用意致します（前日までに要予約）詳細はお気軽にお問合せ下さい。",愛知県豊橋市魚町 92,34.765655,137.389806,(0520)75-9710,https://www.kira-ya.com/,https://mi.temirin.jp/data/contentset/tmp//F/3F/assets/spot/qGbxlU.jpg,
71,銀カフェ リビングルーム,惣菜・オードブル・お弁当,,銀カフェリビングルームの野菜畑弁当！800円。,国産野菜をメインとしたヘルシーなお弁当です。ローストビーフ、ハンバーグ、魚からお選び下さい。詳細はお気軽にお問合せください。,愛知県豊橋市中原町字岩下 36-3,34.724464,137.47252,(0520)26-4654,,https://mi.temirin.jp/data/contentset/tmp//F/3F/assets/spot/tkx7x4.jpg,
73,和心仏料理 kings kitchen,フレンチ,,今日はちょっと贅沢に,ご注文は他のお客様との接触を極力避けるため、また、ご来店後待たずにお渡しできるように、お電話でのご予約注文とさせて頂きます。（前日またはご来店30分前まで）メニュー詳細は問合せ下さい。,愛知県豊橋市駅前大通 1-61,34.762652,137.384532,(0520)26-6573,http://www.kingskitchen.jp,https://mi.temirin.jp/data/contentset/tmp//F/3F/assets/spot/Tf8T9f.jpg,https://mi.temirin.jp/data/contentset/tmp//F/3F/assets/spot/RT2VXs.jpg
74,旬彩定食 銀しゃり食堂,和食,,豊富な持ち帰りメニューが人気の定食屋さんです,期間限定500円弁当（チキンカツ（写真）または鶏の唐揚）をはじめ、炭火で焼くさばや縞ほっけの弁当など、店内のメニューが当日注文でOK。事前予約でオードブルや予算に応じた特注弁当もあります。時短にて通常営業もしています。,愛知県豊橋市柱九番町 41-7,34.743888,137.382744,(0520)75-9277,,https://mi.temirin.jp/data/contentset/tmp//F/3F/assets/spot/MfK9VG.jpg,
75,クラシカルコーヒーロースターカフェ,洋食,カフェ・喫茶店,アメリカンダイナーの本格グリル料理、手作りバーガー・サンドイッチ・グリル&ライス！,便利なWEBオーダーでお得なクーポン利用可能。フード・ドリンク・ケーキは全品テイクアウト可能です。アメリカンダイナーの本格手づくりグリル料理をおうちで楽しもう！,愛知県豊橋市植田町関取 65,34.706632,137.355227,(0520)25-9707,https://www.classical-co.com/cafe/takeaway/,https://mi.temirin.jp/data/contentset/tmp//F/3F/assets/spot/7m8OmW.jpg,
76,蔵之助 豊橋店,居酒屋,和食,蔵之助の料理がご自宅でもお楽しみ頂けます！,蔵之助豊橋店です！名物のもつ鍋や出汁巻き玉子を始め、お弁当など様々なお料理をご自宅でも美味しくお召し上がり頂けるようになりました。ぜひお召し上がりください！,愛知県豊橋市広小路 1-18 ウェルプラザ・ユメックスビルB1,34.764494,137.384825,(0520)43-6816,,https://mi.temirin.jp/data/contentset/tmp//F/3F/assets/spot/Hsygge.jpg,
78,車寿司,寿司,,お家まで出前迅速！お寿司を頼むなら車寿司,お寿司のテイクアウトやデリバリーはもちろんのこと、その他、一品料理やおつまみなども沢山あります。ぜひお気軽にお問合せ下さい。,愛知県豊橋市西小鷹野 4-15-11,34.775272,137.428235,0120-61-6925,http://kuruma-sushi.jp/,https://mi.temirin.jp/data/contentset/tmp//F/3F/assets/spot/FE3Mpy.jpg,
79,元祖 豊橋鴨餃子 黒松家餃子,居酒屋,,元祖！！豊橋鴨餃子！まろやかに広がる旨味！,豊橋産愛知鴨と、小松菜を使用した元祖！！豊橋鴨餃子！こだわり餃子11種や、串揚げ、から揚げ等の揚げ物などのテイクアウトがご利用できます。黒松家餃子でしか味わえない料理を、是非ご家庭で！電話にて予約するとスムーズです。,愛知県豊橋市松葉町 1-104,34.765656,137.385173,(0520)35-7770,,https://mi.temirin.jp/data/contentset/tmp//F/3F/assets/spot/mS9JJU.jpg,
80,K.K.インドレストラン,インド・カレー,,美味しい本場インド料理を家庭でも！,28種類の本格インドカレーと9種類の焼きたてナンの他に、人気のマライティッカやナンロール、カラミケバブ等の単品メニューも種類豊富！！セットメニュー以外の全メニューがテイクアウトできるので、家庭でも本場の味を楽しめます。,愛知県豊橋市松井町南新切 33-1,34.72384,137.376737,(0520)26-3303,https://kk-indian-restaurant.gorp.jp/,https://mi.temirin.jp/data/contentset/tmp//F/3F/assets/spot/5UC18i.jpg,
81,焼き鳥 げんこつやま,焼鳥・串焼き,,香ばしく美味しい！本格炭火焼鳥をご自宅で！,新鮮な錦爽どりの美味し～い本格炭火焼鳥の他、ランチで人気の「焼鳥屋さんの熟成カレーライス」もテイクアウト出来ます。当日16:00までに電話にてご注文頂ければ17:00以降のお渡しがスムーズです。,愛知県豊橋市駅前大通 2-30-2,34.762848,137.385872,(0520)52-8119,http://www.genkotsu-toyohashi.com/,https://mi.temirin.jp/data/contentset/tmp//F/3F/assets/spot/CDiuYJ.png,
83,焼肉 剛ノ家,焼肉・ステーキ,,おうちの庭で、剛ノ家BBQなんていかがですか？,今回、剛ノ家のお肉でBBQが楽しめるようセットメニューをご用意しました。また、一枚一枚丁寧に炭火焼きした焼肉弁当、丼ぶり物、剛ノ家カレー、ユッケジャンスープや冷麺など店内メニューのほとんどの品がテイクアウト可能です。,愛知県豊橋市三本木町字新三本木 68-9,34.724336,137.396161,(0520)37-9158,http://www.go-noya.com,https://mi.temirin.jp/data/contentset/tmp//F/3F/assets/spot/NMS5Uc.png,https://mi.temirin.jp/data/contentset/tmp//F/3F/assets/spot/cZesDH.png
84,コウヨウ館 浜道店,洋食,,お店の味をご家庭でいかがですか？,前日までのご注文で、各商品30円引き致します！,愛知県豊橋市浜道町字新百々池 9-3,34.71927,137.409335,(0520)21-5511,,https://mi.temirin.jp/data/contentset/tmp//F/3F/assets/spot/HaHb2d.jpg,
85,コウヨウ館 二川店,洋食,,お店の味をご家庭でいかがですか？,前日までのご注文で、各商品30円引き致します！,愛知県豊橋市雲谷町字上ノ山 189-1,34.725761,137.460925,(0520)43-0677,,https://mi.temirin.jp/data/contentset/tmp//F/3F/assets/spot/wpy9oM.jpg,
86,コウヨウ館 清須店,洋食,,コウヨウ館の味をご自宅で！,コウヨウ館弁当880円、オムライス弁当（半熟オムライス、串カツ、コロッケ、唐揚げ、ポテトサラダ、本日の付け合せ）、ハンバーグ弁当（デミグラスハンバーグ、ライス、ポテトサラダ、本日の付け合せ）、お子様弁当480円、その他メニューもございます！,愛知県豊橋市清須町字堂西 108,34.778118,137.351458,(0520)26-9977,https://kouyoukan-kiyosu.jimdofree.com/,https://mi.temirin.jp/data/contentset/tmp//F/3F/assets/spot/ti8OEm.jpg,https://mi.temirin.jp/data/contentset/tmp//F/3F/assets/spot/I56y9X.jpg
87,かに料理 豊橋甲羅本店,和食,寿司,かに料理専門店の本格かに弁当をご堪能ください,「ずわい蟹の天ぷら」「かに太巻寿司」「かにシューマイ」等が入った3種の松花堂弁当をご用意致しております。ご法事・お祝い事・ご会合・ご家族の団らん等で、多数ご注文の場合は配達も致します。詳しくは店舗にご連絡ください。,愛知県豊橋市花田町字中ノ坪 35-1,34.768128,137.376242,(0520)31-0125,http://takeout.kora.co.jp/kora/,https://mi.temirin.jp/data/contentset/tmp//F/3F/assets/spot/Guy45A.jpg,
88,コージーズハンバーグ,洋食,,コージーズのハンバーグを是非ご自宅で！,和牛最高ランクA5等級と愛知県産の豚肉を使ったこだわりの手こねハンバーグは、ふわふわでジューシー！ぜひご自宅でもお楽しみください。事前にご注文頂けるとお渡しの際スムーズです！,愛知県豊橋市南栄町字空池 24-3,34.734684,137.384799,(0520)48-0910,https://www.cozis0712.com/,https://mi.temirin.jp/data/contentset/tmp//F/3F/assets/spot/OAzMAf.jpg,https://mi.temirin.jp/data/contentset/tmp//F/3F/assets/spot/6PGdoV.jpg
89,カレーハウス CoCo壱番屋 豊橋岩田店,インド・カレー,,自宅で堪能できる専門店の味！トッピングは無限大！,出来立てお弁当承り中。覚めてもそのままレンジでOK！ご自宅で職場でココイチを楽しめます。お子様カレーやレトルトカレーなど種類も豊富！衛生管理は徹底しているので安心。,愛知県豊橋市平川本町 1-3-10,34.759902,137.422455,(0520)64-8449,https://tenpo.ichibanya.co.jp/map/1304,https://mi.temirin.jp/data/contentset/tmp//F/3F/assets/spot/TShGyC.jpg,https://mi.temirin.jp/data/contentset/tmp//F/3F/assets/spot/TxXbll.jpg
90,カレーハウス CoCo壱番屋 豊橋高師店,インド・カレー,,おうちでココイチ！お弁当承ります♪,ネットでの注文も承っております。ネット注文なら、店頭での商品受け渡しが時間がかからず、便利です。当店はドライブスルーもやっております。車から降りずに更に便利にご利用いただけます。※ネット注文のご予約は店舗ホームページよりご利用いただけます。,愛知県豊橋市向草間町字北新切 134-1,34.726282,137.380145,(0520)37-7631,https://tenpo.ichibanya.co.jp/map/1702,https://mi.temirin.jp/data/contentset/tmp//F/3F/assets/spot/WrqQ15.png,https://mi.temirin.jp/data/contentset/tmp//F/3F/assets/spot/Ov9FkS.png
91,カレーハウス CoCo壱番屋 豊橋前田店,インド・カレー,,おうちでココイチ！お弁当承ります♪,ココイチのカレーがおうちで気軽に食べられます。ネットでの注文も承っております。ネット注文をしていただけると、店頭での商品受け渡しが時間がかからず、便利です。ぜひご利用ください。※ネット注文のご予約は、店舗ホームページよりご利用いただけます。,愛知県豊橋市前田南町 1-12-10,34.756257,137.391834,(0520)56-0400,https://tenpo.ichibanya.co.jp/map/1369,https://mi.temirin.jp/data/contentset/tmp//F/3F/assets/spot/zzygoG.png,https://mi.temirin.jp/data/contentset/tmp//F/3F/assets/spot/EiXq8v.png
92,カレーハウス CoCo壱番屋 豊橋藤沢店,インド・カレー,,おうちでココイチ！お弁当のご注文承ります！,ココイチのカレーがおうちで気軽に食べられます。ネットでの注文も承っております。ネット注文をしていただけると、店頭での商品受け渡しがとてもスムーズで便利です。ぜひご利用ください。※ネット注文のご予約は店舗ホームページよりご利用いただけます。,愛知県豊橋市神ノ輪町 89,34.742516,137.368998,(0520)47-1476,https://tenpo.ichibanya.co.jp/map/1144,https://mi.temirin.jp/data/contentset/tmp//F/3F/assets/spot/XyJMBn.png,https://mi.temirin.jp/data/contentset/tmp//F/3F/assets/spot/geR6Eg.png
93,カレーハウス CoCo壱番屋 ラウンドワン豊橋店,インド・カレー,,ネット注文で待たずにお持ち帰りできます！,お弁当の他にもレトルト商品も扱っております。ぜひ便利なネット注文をご利用ください。,愛知県豊橋市大岩町字岩田 27-2,34.723899,137.432723,(0520)43-1158,https://www.ichibanya.co.jp/,https://mi.temirin.jp/data/contentset/tmp//F/3F/assets/spot/OEK4rb.jpg,
94,COCOcafe 駅前店,カフェ・喫茶店,洋食,お子様給食支援弁当300円！ぜひご利用ください！,お子様向けの美味しくてリーズナブルなお弁当をご用意しております。献立を考えるのにちょっと疲れた時などぜひご利用下さい！大量注文の場合には前日12:00までにご連絡をお願い致します。,愛知県豊橋市松葉町 2-19 レオンビル1F,34.765805,137.383908,(0520)55-8099,,https://mi.temirin.jp/data/contentset/tmp//F/3F/assets/spot/efyOn8.jpg,
95,COCOcafe 弥生店,カフェ・喫茶店,洋食,お子様給食支援弁当300円から！,お子様向けの美味しくてリーズナブルなお弁当をご用意しております。献立を考えるのにちょっと疲れた時などぜひご利用下さい！大量注文の場合には前日12:00までにご連絡をお願い致します。,愛知県豊橋市弥生町字東豊和 17,34.735984,137.393685,(0520)37-5050,,https://mi.temirin.jp/data/contentset/tmp//F/3F/assets/spot/8VVPh7.jpg,
97,イタリアンレストラン こすたりかシティガーデン,洋食,,こすたりかの味をご家庭で,"お電話でご注文頂けます。パスタ：地中海ペペロンチーノ700円、ソーセージミート800円、キノコと明太子クリーム850円。ピザ（箱代別途100円）：マルゲリータ880円（今だけ割引中）、バジル＆トマト1,180円（今だけ割引中）。※全て税別。",愛知県豊橋市今橋町 1,34.76929,137.392276,(0520)51-3048,https://cafe-costarica.com/,https://mi.temirin.jp/data/contentset/tmp//F/3F/assets/spot/HbEKv8.jpg,
98,フォアグラと燻製 COSSORI,創作・ダイニング,,お店の味をご自宅で！テイクアウト始めました！,ご予約での承りとなります。ご注文の際は、お電話にてご確認お願いします。,愛知県豊橋市松葉町 1-6,34.765355,137.38342,(0520)52-1617,,https://mi.temirin.jp/data/contentset/tmp//F/3F/assets/spot/jwF6Sa.jpg,https://mi.temirin.jp/data/contentset/tmp//F/3F/assets/spot/FC9sse.jpg
99,らーめん・浜松餃子の専門店 五味八珍 曙店,中華,,本格中華弁当！新ラインナップ！ネットがお得！,五味八珍のテイクアウト（お持ち帰り）は計50品！！「弁当メニュー」、「本格中華の一品」、「オードブル」など、魅力度がパワーアップ！食べたいメニューがきっとみつかるワクワクメニューです♪,愛知県豊橋市西幸町字浜池 8-1,34.724015,137.403574,(0520)47-8910,http://www.gomihattin.co.jp/,https://mi.temirin.jp/data/contentset/tmp//F/3F/assets/spot/UjgT1i.jpg,https://mi.temirin.jp/data/contentset/tmp//F/3F/assets/spot/rKyNVo.jpg
100,らーめん・浜松餃子の専門店 五味八珍 殿田橋店,中華,,本格中華弁当！新ラインナップ！ネットがお得です！,五味八珍のテイクアウト（お持ち帰り）は計50品！！「弁当メニュー」、「本格中華の一品」、「オードブル」など、魅力度がパワーアップ！食べたいメニューがきっとみつかるワクワクメニューです♪,愛知県豊橋市飯村北 1-2-5,34.746887,137.416,(0520)64-1538,http://www.gomihattin.co.jp/,https://mi.temirin.jp/data/contentset/tmp//F/3F/assets/spot/uJyxew.jpg,https://mi.temirin.jp/data/contentset/tmp//F/3F/assets/spot/3v1x2E.jpg
101,らーめん・浜松餃子の専門店 五味八珍 柱店,中華,,本格中華弁当！新ラインナップ！ネットがお得！,五味八珍のテイクアウト（お持ち帰り）は計50品！！「弁当メニュー」、「本格中華の一品」、「オードブル」など、魅力度がパワーアップ！食べたいメニューがきっとみつかるワクワクメニューです♪,愛知県豊橋市柱六番町 142,34.747503,137.373611,(0520)37-4688,http://www.gomihattin.co.jp/,https://mi.temirin.jp/data/contentset/tmp//F/3F/assets/spot/EMCUfP.jpg,https://mi.temirin.jp/data/contentset/tmp//F/3F/assets/spot/OWDjO0.jpg
102,craft burger & dinning THE ROOTS,ハンバーガー・サンドイッチ,,自家製バンズとハンドチョップパティのハンバーガー,サクフワバンズは全て自家製。塊肉を手切りした肉感を存分に味わえるハンバーガーです。ハンバーガーは肉料理だ！と感じて頂きたいという思いで作っています。,愛知県豊橋市新吉町 48-2 マドカビル1F,34.762478,137.392394,(0520)52-0039,,https://mi.temirin.jp/data/contentset/tmp//F/3F/assets/spot/YdLtNd.jpg,
104,三遠ネオフェニックス楽市,惣菜・オードブル・お弁当,焼肉・ステーキ,三遠地域の農家さんを応援！,キッチンカーで出張販売を行います！東三河と遠州の農畜産物を材料としたお弁当や丼物、炭火で焼いたフランクフルトや焼き肉等を販売します。,愛知県豊橋市広小路 3-54,34.763844,137.388023,090-3852-8364,,https://mi.temirin.jp/data/contentset/tmp//F/3F/assets/spot/jhoJW1.jpg,
105,軍鶏と鴨と名古屋コーチン 三代目あら兵衛,和食,,お店の味をご自宅で！テイクアウト始めました！,ご予約での承りとなります。ご注文の際は、お電話にてご確認お願いします。,愛知県豊橋市駅前大通 1-70,34.762604,137.385062,(0520)53-8853,,https://mi.temirin.jp/data/contentset/tmp//F/3F/assets/spot/cMxQWm.jpg,https://mi.temirin.jp/data/contentset/tmp//F/3F/assets/spot/wuebsJ.jpg
106,SANDWICH MOMENT,ハンバーガー・サンドイッチ,イタリアン,豊橋市役所にて、5/1まで平日のみ出店中（11:00～13:00）,パニーニ専門フードトラックから、食べ応えのあるランチボックスが登場。パルマ産生ハムのパニーニ 、バジルトマトペンネ、グリル野菜のマリネ、各700円などのメニューがございます。,愛知県豊橋市御園町 2-8,34.740845,137.410035,080-3611-0594,,https://mi.temirin.jp/data/contentset/tmp//F/3F/assets/spot/eEpze7.jpg,
107,サンローズ,カフェ・喫茶店,,テイクアウトはじめました❗️,ハンバーグボックス550円、唐揚ボックス550円、カツカレーサラダ付800円、ハンバーグピラフサラダ付800円、唐揚げピラフサラダ付、他にも単品メニューあります。問合せ先：サンローズ0532-31-7538（ご注文は18:00まで）,愛知県豊橋市新栄町字南小向 93,34.765922,137.362811,(0520)31-7538,http://sun-rose.sakura.tv/,https://mi.temirin.jp/data/contentset/tmp//F/3F/assets/spot/eNV5Zw.png,https://mi.temirin.jp/data/contentset/tmp//F/3F/assets/spot/QDyGFY.png
108,Chinese Dining 謝謝 駅前店,中華,,本格四川料理をご自宅で！,麻婆豆腐やエビチリ、チンジャオロースなどの単品メニューはもちろん、謝謝の人気メニューやこだわりがいっぱい詰まったお弁当やパーティーオードブルもご用意。（お弁当・パーティーオードブルは2日前までに要予約）,愛知県豊橋市駅前大通 1-135 COCOLA,34.762163,137.383289,(0520)55-6226,,https://mi.temirin.jp/data/contentset/tmp//F/3F/assets/spot/XUOgbs.jpg,https://mi.temirin.jp/data/contentset/tmp//F/3F/assets/spot/GX7ZNW.jpg
109,catering & delivery & dish Chef's Garden,洋食,和食,各店の得意料理を活かしたシェフ特製ケータリング,"鉄板ダイニング 歩亜麗（ポアレ）・京町ダイニング べったく・鉄板ダイニング JUJU（ジュジュ）・焼肉ダイニング わが家を展開する会社がお弁当やオードブルのケータリングをスタート!  前日15:00までの要予約。お弁当は5個から、5,000円以上で配達も可能。",愛知県豊橋市広小路 2-30-2,34.763895,137.386172,050-3820-9831,http://www.jey-z.co.jp/poare/catering.html,https://mi.temirin.jp/data/contentset/tmp//F/3F/assets/spot/qDECLs.jpg,
110,ジェラートサンタ,和・洋菓子、スイーツ,,美味しいジェラートをご自宅で！！,地元の旬な食材を使用した、新鮮・安心・美味しいジェラート！！ジェラート（360円）ダブルクリーム、抹茶、チョコレート、いちごミルクなど。（510円）ピスタチオ、パエーゼミオ、ハナビなど。その他にもいろいろフレーバーあります！！,愛知県豊橋市曙町字南松原 5-1,34.730666,137.400171,(0520)48-3444,http://www.gelato-santa.com/,https://mi.temirin.jp/data/contentset/tmp//F/3F/assets/spot/XiJR3Z.jpg,https://mi.temirin.jp/data/contentset/tmp//F/3F/assets/spot/c0yNEy.jpg
111,焼肉 塩すだち,焼肉・ステーキ,,塩すだちのすだち冷麺,※要予約、前日22:00まで。,愛知県豊橋市大橋通 1-87-2,34.764361,137.382539,(0520)55-4100,,https://mi.temirin.jp/data/contentset/tmp//F/3F/assets/spot/gTImB8.jpg,
112,STEAK & DINNER CHICAGO,焼肉・ステーキ,,お家で囲む食卓が豊かになりますように願いを込めて。,当店のメニュー又は、予算に応じてお弁当をご提供いたします。大根おろし＆特製ステーキソースと自慢のステーキの相性も抜群！ランチタイムはランチ価格のお弁当も可能です！季節のお野菜と厳選された肉の旨みをご堪能あれ！お電話にてご予約ください。,愛知県豊橋市平川本町 2-13-14,34.758093,137.42678,(0520)62-1140,http://www.tees.ne.jp/~chicago/,https://mi.temirin.jp/data/contentset/tmp//F/3F/assets/spot/xBIBIK.jpg,
113,酒房 440,居酒屋,,丹精込めた440の料理をご自宅で楽しんでください！,電話による受付は、昼12:00から受け付けており、前もって注文していただけるとスムーズに受け渡しができます。16:00～19:00の受け取りは、前日までに注文をお願いします。この機会にぜひ一度足を運んでみてください！,愛知県豊橋市前田町 2-17-13,34.759544,137.398029,(0520)56-4400,,https://mi.temirin.jp/data/contentset/tmp//F/3F/assets/spot/VjETdo.jpg,
114,中国料理 四川,中華,ラーメン,本格四川料理が家庭でも！お弁当は800円,令和元年の年末にオープンしたばかりのお店です。生ビールと相性抜群の四川料理、鶏肉唐辛子炒めや麻辣牛肉、特大唐揚げも大人気です。他には小籠包、手作り餃子、台湾ラーメン、エビマヨなどがオススメです。駐車場も広くてとても便利です！,愛知県豊橋市西幸町字幸 10-2,34.731922,137.414612,(0520)73-3085,,https://mi.temirin.jp/data/contentset/tmp//F/3F/assets/spot/Vv0yf3.jpg,
115,赤身ヒレ焼肉 シャトーブリアン芯,焼肉・ステーキ,惣菜・オードブル・お弁当,ご自宅で上質な黒毛和牛焼肉を！前日予約で昼11:00よりテイクアウト対応致します！！,豊橋駅から徒歩3分！熟練の職人が日々最高の黒毛和牛を厳選して仕入れ！最高のお肉を使ったテイクアウトメニューを多数ご用意。この機会に是非ご注文下さいませ。,愛知県豊橋市松葉町 1-2,34.765394,137.383331,(0520)55-1200,,https://mi.temirin.jp/data/contentset/tmp//F/3F/assets/spot/3Nt1mK.jpg,
116,東京豚骨拉麺じゃんだら,ラーメン,惣菜・オードブル・お弁当,常連さんのみ知る倍盛チャーシューご飯もお持ち帰り可,夜中のラーメン屋さん「じゃんだら」が、コロナの影響で再びランチを始めました！是非、ご家庭でじゃんだらの味をお楽しみ下さい！！,愛知県豊橋市神ノ輪町 76,34.741025,137.366482,(0520)37-2193,,https://mi.temirin.jp/data/contentset/tmp//F/3F/assets/spot/bbHDzt.jpg,
117,鐘庵 大村町店,うどん・そば,,名物　桜えびそばの鐘庵がテイクアウトメニューを開始！,特製桜えび天重720円、炙り焼肉丼セット各720円、穴子丼セット・華えび丼セット・のり弁セット各620円、カレー丼セットもございます（セットはいずれも冷そば又はうどん付）。他通常メニューも承ります。詳細は、お電話にてお問合せください。,愛知県豊橋市大村町橋元 83-1,34.795093,137.389326,(0520)54-7876,https://www.shoan.co.jp/menu.html,https://mi.temirin.jp/data/contentset/tmp//F/3F/assets/spot/tRsGLe.jpg,
118,支留比亜珈琲 豊橋小松店,カフェ・喫茶店,ハンバーガー・サンドイッチ,お電話でのご注文で、ご希望のお時間にお作りできます！,支留比亜のサンドイッチは種類が豊富です！EHTサンド、カツサンドなどの名物や、ハムエッグトースト、シナモントーストなどの人気メニューもございます。ドリンクやケーキもテイクアウト可能です。ぜひご自宅でもお召し上がり下さい！,愛知県豊橋市小松町 199-1,34.739711,137.393427,(0520)37-7888,https://localplace.jp/sp/t200469852/index.html,https://mi.temirin.jp/data/contentset/tmp//F/3F/assets/spot/FxIDP1.png,https://mi.temirin.jp/data/contentset/tmp//F/3F/assets/spot/6qmHeR.png
119,信洲庵 中浜本店,うどん・そば,和食,昔ながらの庶民的なうどん屋です。心もお腹も大満足！,お店の味をご家庭で。お持ち帰りは電話で注文すれば待ち時間も少ないです。通常メニュー（鍋物以外）から一品物まで、麺だけ、汁だけもOK! 器はパック容器または陶器など（後日返却）選べます。,愛知県豊橋市中浜町 83-5,34.74105,137.373613,(0520)46-5335,,https://mi.temirin.jp/data/contentset/tmp//F/3F/assets/spot/xJfmXI.jpg,
120,寿月,和食,,うなぎを食べて 元気になろう！,"ご家庭で炭火直焼きうなぎ弁当はいかがですか。うなぎ弁当各種2,050円～。お電話での事前注文がオススメです。",愛知県豊橋市前田南町 1-20-8,34.754973,137.390558,(0520)53-1327,,https://mi.temirin.jp/data/contentset/tmp//F/3F/assets/spot/JUzvQC.jpg,
122,鮨亀,寿司,,#期間限定 #おうちで寿司弁当,"ご注文は、電話予約又はご来店時でも可能です。（店頭注文はお時間20分程頂きます）お支払いは現金のみとさせて頂きます。掲載写真は、松花堂1,080円（税込）。寿司、刺身盛合せ、オードブル（要予約）など、お気軽にお問い合わせ下さい",愛知県豊橋市東岩田 3-5-7,34.751999,137.430248,(0520)61-8831,,https://mi.temirin.jp/data/contentset/tmp//F/3F/assets/spot/G3jK0x.jpg,
123,pasta & meat STAUB,創作・ダイニング,,こんな時だけの！ご褒美テイクアウト！,"前日まで にストウブにご予約をお願いします。お受け取りのお時間に合わせてお作りしますので出来立てをお召し上がり頂けます。
不明な点、それぞれ単品などのご相談がありましたらお気軽にご連絡ください。お支払いは現金のみとなります。",愛知県豊橋市向山町字一本松 1-1 向山フォレスタUNO,34.756311,137.398281,(0520)54-5545,,https://mi.temirin.jp/data/contentset/tmp//F/3F/assets/spot/awXchv.png,
124,砂場 大清水店,うどん・そば,,ランチテイクアウトできます！！,定番の丼物からボリューム満点のランチ、こだわりのおつまみまで幅広く対応しています。当面の間テイクアウトの500円以上の商品は100円引き！ガッツリ美味しく食べて免疫力アップ！！,愛知県豊橋市大清水町字大清水 77-1,34.699321,137.359409,(0520)25-0396,,https://mi.temirin.jp/data/contentset/tmp//F/3F/assets/spot/dwQ8du.jpg,
126,韓国居酒屋 スモモバル,韓国,,本格韓国料理をご家庭で！,甘辛タレの名物スモバルチキンや、外はパリパリ中はふわふわの自慢のチヂミ、もちもち麺のチャプチェなどご家庭ですももの味をお楽しみ下さい。,愛知県豊橋市駅前大通 1-109-1,34.761692,137.384405,(0520)56-6323,https://search.yahoo.co.jp/amp/s/r.gnavi.co.jp/amp/ss1gdhgv0000/%3Fusqp%3Dmq331AQRKAGYAfm63Yn4-Kn3mQGwASA%253D,https://mi.temirin.jp/data/contentset/tmp//F/3F/assets/spot/QtKWyv.png,https://mi.temirin.jp/data/contentset/tmp//F/3F/assets/spot/YE9QGy.png
127,安曇野そば 勢川 磯辺店,うどん・そば,,家族で過ごす時間が長いから、楽しく美味しく！,お弁当、お持ち帰りも各種取り揃えております。「お弁当も良いけど、お米はうちにあるのよね」という方でも、家族皆で楽しみながら、美味しくお食事していただけるよう考えたメニューが沢山です。※事前電話予約がスムーズです。,愛知県豊橋市駒形町字下田 92-2,34.721581,137.364243,(0520)46-4662,http://www.segawaudon.com/,https://mi.temirin.jp/data/contentset/tmp//F/3F/assets/spot/1Gn3xD.png,https://mi.temirin.jp/data/contentset/tmp//F/3F/assets/spot/9agZaK.png
128,ゆずきりそば 勢川 新吉店,うどん・そば,,温かいものは温かいまま,当店では、「温かいものは温かいまま」召し上がって頂きたいとの思いから、どんぶりでの提供を行なっています。お子様メニューは、お菓子、おもちゃ、ゼリーが付きます。前日予約なら、お渡し時間のご対応が可能です。,愛知県豊橋市新吉町 24,34.763885,137.392967,(0520)55-6323,http://www.tees.ne.jp/~best/,https://mi.temirin.jp/data/contentset/tmp//F/3F/assets/spot/6tXBLS.jpg,
129,勢川 つつじが丘店,うどん・そば,和食,器も味も、お店で食べるのと同じお家ご飯。,器も味も店内で提供する物と同じなので、お家で勢川の味が楽しめます。また、一部商品は、専用パックにてお持ち帰りも可。器でテイクアウトして頂いた場合は翌日返却して頂くか、こちらから取りに伺います。前日までにご予約頂くと、スムーズに提供可能です。,愛知県豊橋市つつじが丘 2-3-7,34.748474,137.399433,(0520)62-8011,http://www.aichi-udonsoba.com/shopDetail.php?id=1266,https://mi.temirin.jp/data/contentset/tmp//F/3F/assets/spot/CT3Is3.jpg,
130,勢川 本店,うどん・そば,和食,勢川本店の味をご家庭で♪お出汁販売中！,通常メニューのほとんどがお持ち帰り・出前が可能です（パック容器をご要望の場合は1つにつき+30円）。出前エリアの詳細はお問い合わせ下さい。お出汁の販売も1リットル600円、容器持参なら500円でやっています。,愛知県豊橋市松葉町 3-88,34.766844,137.384734,(0520)52-3360,http://www.segawaudon.com/,https://mi.temirin.jp/data/contentset/tmp//F/3F/assets/spot/uELvrg.jpg,
131,勢川 牟呂店,うどん・そば,,地域の皆様に愛される店。ゆでたてのうどんを是非！,定番メニューだけでなく、旬の食材を使ったバラエティ豊かなメニューも豊富です。お持ち帰りは事前に電話注文をお願いします。お持ち帰りは専用パックと岡持ちから選べます。,愛知県豊橋市神野新田町字イノ割 73-5,34.747063,137.353991,(0520)32-3366,http://www.segawaudon.com/,https://mi.temirin.jp/data/contentset/tmp//F/3F/assets/spot/8pLaIv.png,https://mi.temirin.jp/data/contentset/tmp//F/3F/assets/spot/MpqgOM.png
133,自家焙煎珈琲とコーヒーに合うお菓子のお店 sogoodcoffee & bake,カフェ・喫茶店,和・洋菓子、スイーツ,自家焙煎コーヒーとお菓子のテイクアウト！,自家焙煎珈琲豆の販売やコーヒー、ドリンク、焼き菓子、タルトやマフィンなど全てのテイクアウトが可能です。（TELにてご予約承ります）,愛知県豊橋市西羽田町 202,34.76013,137.373702,(0520)74-2230,http://sogoodcoffee-and-bake.com/,https://mi.temirin.jp/data/contentset/tmp//F/3F/assets/spot/YhPxQ5.jpg,
134,めん処 そば藤,うどん・そば,,出前やテイクアウトでそば藤の味を楽しめます,"出前可能エリアならお電話で出前致します！（但し1,000円以上となります）また、エリア外の方もお電話でのご予約でお持ち帰り対応も可能になりました。お気軽にご相談ください。",愛知県豊橋市中岩田 3-17-1,34.749245,137.424897,(0520)62-4156,,https://mi.temirin.jp/data/contentset/tmp//F/3F/assets/spot/db3nNq.jpg,
135,麺処 そば良,うどん・そば,,ご縁に感謝！！,当店の味をご自宅でもお楽しみいただけます。ご来店・お電話での予約がともに可能です。テイクアウトメニューの詳細に関しましては、お気軽にお問合せ下さい。,愛知県豊橋市中岩田 2-8-4,34.753838,137.42564,(0520)63-4747,,https://mi.temirin.jp/data/contentset/tmp//F/3F/assets/spot/XB9sRN.png,https://mi.temirin.jp/data/contentset/tmp//F/3F/assets/spot/bRz7Sc.png
136,焼肉泰将,焼肉・ステーキ,,黒毛和牛専門店,テイクアウトの注文は当日でもOK。メニューなど詳細については気軽に問い合わせを。牛タン弁当等のお弁当各種や、美味しい自家製ハンバーグ、お肉を是非この機会に。,愛知県豊橋市東小浜町 91-2,34.741896,137.374901,(0520)46-6677,,https://mi.temirin.jp/data/contentset/tmp//F/3F/assets/spot/4CuY0D.jpg,
137,旬彩台所 だいだいや 浜道店,惣菜・オードブル・お弁当,和食,テーマは「手造り＆ボリューム！！」,「だいだいや」らしく手造り、ボリュームを重視し、温かいお料理をご家庭や職場のランチタイムにお届けします！ご来店頂いてからのご注文受付も可能ですが事前にお電話でのご注文をお勧めします。だいだいやの看板メニューがそのままお弁当箱に詰まってます！,愛知県豊橋市浜道町字浜道 74-1,34.715896,137.404592,(0520)38-6007,,https://mi.temirin.jp/data/contentset/tmp//F/3F/assets/spot/71ZTX6.png,https://mi.temirin.jp/data/contentset/tmp//F/3F/assets/spot/3nYg2B.png
138,日本料理 高千穂,和食,,本格和風弁当をご家庭で。お子様弁当あります,お祝い事やご家族の団欒、ご法要、会社様や町内会のお手土産に最適なお弁当です。お子様弁当も充実しています。ご注文は、3日前までにお願いします。,愛知県豊橋市新栄町東小向 75-1,34.767438,137.367789,(0520)31-0685,https://takachiho.bsj.jp/,https://mi.temirin.jp/data/contentset/tmp//F/3F/assets/spot/FrTw68.jpg,https://mi.temirin.jp/data/contentset/tmp//F/3F/assets/spot/M2wHiH.jpg
140,いこい食堂 たちばな,和食,,日替わりランチをお弁当で楽しめます。,ランチ営業で提供している日替わりを日替わり弁当としてご提供させていただきます。昼、夜共にご注文可能です。前日予約、当日注文も可能ですのでお気軽にお問合せ下さい。,愛知県豊橋市牛川通 5-11-30,34.78109,137.421501,(0520)54-6076,,https://mi.temirin.jp/data/contentset/tmp//F/3F/assets/spot/gGm7Yg.png,
141,珈琲のたち花,カフェ・喫茶店,,コーヒーとフレンチトーストがオススメ,昨年12月にオープンしたのんほいパークから車で3分のちいさな喫茶店です。ドリンク各種とフレンチトーストがテイクアウトできます。こだわりのドリップコーヒーの他、カフェオレもオススメ。テイクアウト限定で今流行り？のダルゴナコーヒーの販売もあり！,愛知県豊橋市高田町字高田 69-3,34.718932,137.4194,(0520)73-3054,,https://mi.temirin.jp/data/contentset/tmp//F/3F/assets/spot/CE5MZS.jpg,
142,玉川うどん 広小路本店,和食,うどん・そば,明治42年創業、老舗の味をご自宅で。,お電話にて当日注文OK！30分前までにご連絡頂ければスムーズにお渡しできます。各種弁当・丼物にミニカレー南蛮うどん付もご提供中。HPに記載のメニューの他、何でもお気軽にご相談ください。,愛知県豊橋市広小路 1-13,34.76444,137.384453,(0520)52-5415,https://tamagawa-udon.com/,https://mi.temirin.jp/data/contentset/tmp//F/3F/assets/spot/PjqN4w.jpg,
143,タリーズコーヒー 豊橋駅前店,カフェ・喫茶店,,時間短縮で営業中！気軽に立ち寄ってみて,美味しいこだわりのコーヒー、各種ドリンクやホットドッグ、パスタやケーキなどのフードメニューを楽しめます。全商品お持ち帰りが可能です。（一部品切れの場合もあります。）,愛知県豊橋市駅前大通 1-132,34.762828,137.382804,(0520)57-2202,http://www.tullys.co.jp/menu/,https://mi.temirin.jp/data/contentset/tmp//F/3F/assets/spot/061Rmd.jpg,
144,楽酒楽食 taro,居酒屋,,当店人気のメニューをご自宅で！,電話でご希望の時間等をおっしゃっていただければ、待ち時間なくお渡しできます。ご来店でご注文時は少々お時間を頂きます。メニューなどはインスタグラムなどでご確認下さい。（値段はすべて税込みです。）,愛知県豊橋市大橋通 1-102-1,34.765487,137.383178,(0520)56-1154,,https://mi.temirin.jp/data/contentset/tmp//F/3F/assets/spot/s0E2IV.jpg,
146,インド料理 チャハナ,インド・カレー,,カレー、ナンなど本場インドの味をお楽しみ下さい。,テイクアウトOKです！事前にお電話を頂くと、スムーズにお渡しすることが可能です。オススメはチキンカレーとナンのセット（860円税抜）です。,愛知県豊橋市牛川通 1-13-13,34.777817,137.419261,(0520)64-0373,http://www.tees.ne.jp/~chahana/set/,https://mi.temirin.jp/data/contentset/tmp//F/3F/assets/spot/PEeZFG.jpg,
147,中華風手料理 桂林,中華,,おうち飲茶はじめはした！,"飲茶弁当2,000円は前日までにご予約ください。エビチリ1,800円などの一品料理も数種ご用意。こちらは当日予約可能ですが1時間以上余裕をもって電話予約をお願い致します。詳細はHPをご覧ください。",愛知県豊橋市中岩田 2-3-1,34.751819,137.42339,(0520)64-1755,https://www.chinakeirin.com/,https://mi.temirin.jp/data/contentset/tmp//F/3F/assets/spot/WtpSMt.jpg,https://mi.temirin.jp/data/contentset/tmp//F/3F/assets/spot/pFUXdi.jpg
148,中国料理 萬珍軒,中華,,名物「五目あんかけパリパリ揚げそば」をご自宅で！,創業50年の中国料理店。名物「パリパリ揚げそば」他、テイクアウトメニューが25種類あり。詳しくはお電話にてご確認下さい。ご予約受付時間は、昼メニュー10:30～13:30、夜メニュー14:00～19:30。テイクアウトのみ消費税分サービス中！,愛知県豊橋市新本町 28,34.767315,137.386266,(0520)53-7954,,https://mi.temirin.jp/data/contentset/tmp//F/3F/assets/spot/M6CVT7.png,https://mi.temirin.jp/data/contentset/tmp//F/3F/assets/spot/VAFJEZ.png
149,長生庵,うどん・そば,,おろしたての辛味大根をご自宅で！,長野県産下条村の辛味大根が付いたざるそば、はテイクアウトだけの贅沢なメニューです。冷たいそばは2人前1セット～の販売となります。ご注文はご来店の30分前までにお電話頂くとあまり待つことなくお渡し出来ます。お支払いは現金のみとなります。,愛知県豊橋市神野新田町字中道東 246-3,34.730514,137.358776,(0520)37-1077,,https://mi.temirin.jp/data/contentset/tmp//F/3F/assets/spot/LVR5eT.jpg,
150,cafe & galerie ちろる庵,カフェ・喫茶店,,店内価格より10%OFFにて提供致します,珈琲、紅茶、サンドイッチのテイクアウトが可能です。事前に電話予約受付中。当日店頭も可能です。また店内消毒をし、オープンカフェにしています。テラス席もご用意しております。テイクアウトのお客様には店主撮影うさぎのポストカードをプレゼント中！,愛知県豊橋市三ノ輪町字本興寺 2-286,34.748684,137.410448,(0520)62-0517,https://www.tirolan514.com/,https://mi.temirin.jp/data/contentset/tmp//F/3F/assets/spot/oZzQ8N.png,https://mi.temirin.jp/data/contentset/tmp//F/3F/assets/spot/132WIK.png
152,和食麺処 つるあん,うどん・そば,,つるあんの人気メニューをご家庭で！！,大人気！唐揚げ弁当550円～、和食職人が手掛けるこだわりのお弁当が勢ぞろい。こしの強いつるあん手打ち麺もお持ち帰りできます。お弁当の予約は当日でもOK。,愛知県豊橋市佐藤 2-7-1,34.745983,137.404402,(0520)65-9292,https://page.line.me/xat.0000169188.pkv,https://mi.temirin.jp/data/contentset/tmp//F/3F/assets/spot/4u0oLJ.png,https://mi.temirin.jp/data/contentset/tmp//F/3F/assets/spot/2BmKZK.png
153,麺処 つるあん 道の駅店,うどん・そば,和食,道の駅で本格和食 テイクアウトはじめました！！,TVでお馴染み、手筒豊橋カレーうどんのお店です。人気の天丼、唐揚げ丼、うどん・そばのテイクアウトをご用意。みんな大好き唐揚げ丼は秘伝のタレが決め手！,愛知県豊橋市東七根町字一の沢 113-2,34.696185,137.414213,(0520)73-1988,,https://mi.temirin.jp/data/contentset/tmp//F/3F/assets/spot/hvwroO.jpg,
154,手打ち蕎麦処 砂場,うどん・そば,,お店の味をお家でも！,昼休憩無しの通し営業です。お電話でのご予約時に、お名前、お電話番号、お受け取り時間をお知らせください。また、店内でのご注文、お食事も可能です。,愛知県豊橋市つつじが丘 3-2-1,34.747383,137.400711,(0520)61-2523,,https://mi.temirin.jp/data/contentset/tmp//F/3F/assets/spot/3iwQKT.jpg,
155,Meal cafe Delico-Delime,カフェ・喫茶店,ハンバーガー・サンドイッチ,5食以上の場合、前日18:00までに要予約,とろ～りチーズサンドを自宅やオフィスでどうぞ♪　もちろんお出掛けにも♪,愛知県豊橋市浜道町字南側 8-3,34.719325,137.408027,080-8478-6251,https://meal-cafe-delico-delime.business.site/,https://mi.temirin.jp/data/contentset/tmp//F/3F/assets/spot/N1UgO0.jpg,
156,ジンジャーシロップ製造所 TEMTASOBI GINGER,カフェ・喫茶店,和・洋菓子、スイーツ,生活に少し刺激のあるジンジャーを！,豊橋駅前水上ビルに立ち上げたジンジャーシロップの製造所。各種のジンジャードリンクを提供するジンジャースタンドを併設しています。当製造所のシロップを使ったジンジャーチャイやジンジャーエールを是非。,愛知県豊橋市駅前大通 3-118 大豊ビルA2,34.761864,137.389101,090-8208-7476,,https://mi.temirin.jp/data/contentset/tmp//F/3F/assets/spot/6EnjK9.jpg,
157,東京庵 飯村店,うどん・そば,和食,5月末までテイクアウト全品100円引き,天ぷらうどん、ざるそばなど通常の人気メニューがお持ち帰りできます。当日電話注文大歓迎。5月末までなんと！テイクアウト全商品100円引きとなります。,愛知県豊橋市飯村南 4-2-15,34.740709,137.4224,(0520)61-5067,,https://mi.temirin.jp/data/contentset/tmp//F/3F/assets/spot/DNrdok.jpg,
158,生そば処 東京庵本店,うどん・そば,,老舗のうどん・そばをお家でいかがですか？,当日お電話いただければ、ほとんどの場合は30分以内にお渡し可能です。うどん・そばは茹でてあるものでも、生でも対応可能です。暖かい汁ものメニューは、ご自宅で温めていただく必要があります。,愛知県豊橋市大手町 135,34.764077,137.390455,(0520)52-3487,http://tokyoan.co.jp,https://mi.temirin.jp/data/contentset/tmp//F/3F/assets/spot/IDAAlx.jpg,
159,豊橋焼肉 ときわ,焼肉・ステーキ,,お店の味をご自宅で！テイクアウト始めました！,ご予約での承りとなります。ご注文の際は、お電話にてご確認お願いします。,愛知県豊橋市松葉町 1-22,34.765233,137.383673,(0520)26-3520,,https://mi.temirin.jp/data/contentset/tmp//F/3F/assets/spot/GFtCuL.jpg,https://mi.temirin.jp/data/contentset/tmp//F/3F/assets/spot/Tu5CP0.jpg
160,特定非営利活動法人 福祉住環境地域センター WACNET WAC アグリカフェ,惣菜・オードブル・お弁当,,身体にやさしい地産地消の食材を使ったお弁当,美味しくて身体にやさしいお弁当はいかがですか？デリバリーは店から半径2km圏内に限ります。ご予約は前日の16:00までにお願いします。詳細はお気軽にお問合せ下さい。,愛知県豊橋市南瓦町 14-1 WACアグリカフェ,34.7598,137.405987,(0520)52-1255,http://www.wacnet.jp,https://mi.temirin.jp/data/contentset/tmp//F/3F/assets/spot/lWBIAh.png,https://mi.temirin.jp/data/contentset/tmp//F/3F/assets/spot/tNlbkA.png
161,イタリア食堂 がぶ飲みワイン ドバール,イタリアン,,本格釜焼きピザや、あの絶品パスタを自宅でどうぞ！,"本格釜焼きの出来立てピザや、濃厚ソースがたまらないパスタを自宅にて再現出来ます！電話予約がスムーズです。また、系列店のバルダモンデと合わせて5,000円以上で市内デリバリー可能（デリバリーは前日までの予約のみ）。",愛知県豊橋市広小路 1-21,34.764339,137.385199,090-8335-5457,,https://mi.temirin.jp/data/contentset/tmp//F/3F/assets/spot/HcvU6U.jpg,
162,豊市 -TOYOICHI-,惣菜・オードブル・お弁当,パン,アークリッシュのホテルメイド料理をご自宅で！,ホテルアークリッシュ豊橋の本格料理を、お手頃な価格でご自宅にて愉しめます。サラダからメイン、デザートまで様々なレパートリーをご用意。1名様分から購入できるので、気軽に立ち寄って。,愛知県豊橋市駅前大通 1-135 COCOLA,34.762251,137.383163,(0520)54-3911,http://www.cocolaavenue.jp/floor/f2.html#07,https://mi.temirin.jp/data/contentset/tmp//F/3F/assets/spot/X8wqRh.jpg,https://mi.temirin.jp/data/contentset/tmp//F/3F/assets/spot/GTbROF.jpg
163,イタリアンレストラン Trattoria Felice,イタリアン,,お家で本格イタリアンや生パスタを楽しめます,ランチは月替わりパスタセット3種、やシチューセット。ディナータイムはワインに合うおつまみセットや生ハムとチーズの盛り合わせからパスタまで充実のテイクアウトメニュー。当日は電話予約、前日までならSNSのDMで注文可能です。,愛知県豊橋市前田町 2-10-5,34.761715,137.397082,(0520)55-4133,,https://mi.temirin.jp/data/contentset/tmp//F/3F/assets/spot/B4fyc5.jpg,
164,かしわ和風料理 鳥栄,和食,,美味しい鳥料理をおうちでもいかが？！,セット物（ご飯付き）、丼物、一品料理、焼き物揚げ物、オードブルはご予算に応じますのでお気軽にお問合せください。ご注文お待ちしております！,愛知県豊橋市神明町 75,34.763033,137.390608,(0520)55-5333,http://www.yukinosuke.com,https://mi.temirin.jp/data/contentset/tmp//F/3F/assets/spot/uKqosw.jpg,
165,秘伝のたれ 鳥善,焼鳥・串焼き,,お家で鳥善の焼鳥を！！,焼鳥のテイクアウトはもちろん、チキンカツ弁当、おつまみセットなどなどご用意させていただきました。お電話にてご注文を承ります。メニュー、営業時間等の変更はFBにて配信させていただきます。,愛知県豊橋市神明町 11,34.763636,137.391312,(0520)52-5738,,https://mi.temirin.jp/data/contentset/tmp//F/3F/assets/spot/b990j0.png,https://mi.temirin.jp/data/contentset/tmp//F/3F/assets/spot/HyAi0v.png
166,鳥まる商店 豊橋曙店,和食,インド・カレー,お持ち帰り専門。こだわりの唐揚げ・カレーをぜひ！,「鳥まる商店」では正田醤油を使用した特製唐揚げが単品でもお弁当としても持ち帰りいただけます。味も醤油・にんにく・塩と違いを楽しめるラインナップ。名物のカレーとの相性もバツグンです。,愛知県豊橋市曙町字南松原 9-1,34.730184,137.400835,(0520)38-5770,http://takeout.kora.co.jp/torimaru/,https://mi.temirin.jp/data/contentset/tmp//F/3F/assets/spot/zP6B82.jpg,https://mi.temirin.jp/data/contentset/tmp//F/3F/assets/spot/yqkGDB.jpg
167,えんかい屋居酒屋 どんべえ,居酒屋,,楽しい居酒屋料理をご家庭の食卓にいかが,魚介が得意などんべえの新鮮なネタに、シャリや海苔がついた手巻き寿司セットや、3～5人家族で囲んでちょうど良い焼き鳥、揚げ物、炒め物などが付いたオードブルなどをご用意。,愛知県豊橋市広小路 1-37 B1,34.764177,137.383997,0120-37-1845,http://donbe.co.jp/,https://mi.temirin.jp/data/contentset/tmp//F/3F/assets/spot/1qUIwb.png,https://mi.temirin.jp/data/contentset/tmp//F/3F/assets/spot/LPrVhN.jpg
168,成陣,和食,,成陣！テイクアウトお助け弁当始めました！！,日替わり弁当2種類を税込500円にて御用意致します。御電話での御予約も承ります。来店されてからの御注文ですとお時間を戴く場合、売り切れる場合が御座います。御了承下さいませ。その他にも各種御弁当御用意しております。,愛知県豊橋市前田南町 2-2-10,34.756141,137.394264,(0520)53-8484,http://www.narijin.com/,https://mi.temirin.jp/data/contentset/tmp//F/3F/assets/spot/HMlnhq.jpg,
169,アメリカンダイナー ニューオリンズカフェ,洋食,ハンバーガー・サンドイッチ,手づくりグリル料理の美味しいアメリカンダイナー,テイクアウトのWEBオーダーでお得なクーポン、シークレットメニューも利用可能！1号店のクラシカルコーヒーロースターカフェ創業から18年間続いているアメリカンダイナーの伝統的な本格手作りバーガー・サンドイッチ・グリル＆ライスをテイクアウトでどうぞ。人気の自家製フライドチキン、自家製シェイクなどサイドオーダー、ドリンクも全品テイクアウトで楽しめます。,愛知県豊橋市高田町字下地 26-25,34.721201,137.418007,(0520)37-8887,https://www.classical-co.com/cafe/takeaway/,https://mi.temirin.jp/data/contentset/tmp//F/3F/assets/spot/0XyqB6.jpg,
170,しゃぶしゃぶ居酒屋 葱しゃぶ屋,和食,惣菜・オードブル・お弁当,葱しゃぶ屋の人気料理を自宅でも！,ご自宅で面倒な揚げ物をぜひテイクアウトで。当店自慢の巻きカツ盛り合わせ、チヂミに手羽の唐揚げと、大人からお子様まで食べられるメニューをご用意。ご来店30分前までにご連絡をお願い致します。,愛知県豊橋市松葉町 1-14 1F,34.764792,137.383502,(0520)21-9559,,https://mi.temirin.jp/data/contentset/tmp//F/3F/assets/spot/KdVRMO.jpg,
172,ワイン食堂 nostalgia,イタリアン,惣菜・オードブル・お弁当,窯焼き料理をご家庭で、当日のお電話でもご予約OK！,窯焼きのピッツァや自家製のラザニアから前菜やサラダ、オードブル等、人数や用途によって1人前～ご家族、ご友人分までご用意出来ます（要予約）。品目や品数によってご用意出来るお時間が変わって来ますので、まずはお気軽にお問い合わせ下さいませ。,愛知県豊橋市花園町 74 テントビル2F,34.764497,137.388682,(0520)39-5700,https://www.nostalgia2009.jp,https://mi.temirin.jp/data/contentset/tmp//F/3F/assets/spot/yHPB3y.jpg,
174,HAPPY VALLEY 豊橋大山店,イタリアン,洋食,パスタとピッツァのおいしい店,お家でわいわいハッピーパーティー。美味しいイタリアンで、おうちでもご家族でハッピーなひと時が過ごせます。待たずにお電話にてらくらくオーダーが可能です。お気軽にご注文下さい。,愛知県豊橋市神野新田町字中道東 238,34.730989,137.359215,(0520)45-0788,http://happyvalley.website/index.html,https://mi.temirin.jp/data/contentset/tmp//F/3F/assets/spot/HP21ul.jpg,
175,HAPPY VALLEY 豊橋小向店,イタリアン,洋食,パスタとピッツァのおいしい店,お家でわいわいハッピーパーティー。美味しいイタリアンで、おうちでもご家族でハッピーなひと時が過ごせます。待たずにお電話にてらくらくオーダーが可能です。お気軽にご注文下さい。,愛知県豊橋市小向町字北小向 130-1,34.76807,137.363277,(0520)33-5628,http://happyvalley.website/index.html,https://mi.temirin.jp/data/contentset/tmp//F/3F/assets/spot/qqGpka.jpg,
176,HAPPY VALLEY 豊橋山田店,イタリアン,洋食,パスタとピッツァのおいしい店,お家でわいわいハッピーパーティー。美味しいイタリアンで、おうちでもご家族でハッピーなひと時が過ごせます。待たずにお電話にてらくらくオーダーが可能です。お気軽にご注文下さい。,愛知県豊橋市山田町字西山 1-6,34.744206,137.392628,(0520)46-6011,http://happyvalley.website/index.html,https://mi.temirin.jp/data/contentset/tmp//F/3F/assets/spot/TKgkw1.jpg,
177,宅配 牛タン・とんかつ・焼肉専門店 花朧（はなおぼろ）,焼肉・ステーキ,とんかつ・串揚げ,豊橋のお肉専門店の味を気軽に家庭で楽しめる！！,"最短25分で、あったか牛タン弁当や揚げたてとんかつ弁当などをお届け。テイクアウトは10%OFF！3,000円以上で2本サービス実施中。※平日の昼間につきましては複数個注文事前予約で受付",愛知県豊橋市松葉町 2-53 鈴木ビル2F,34.766095,137.384409,(0520)53-1015,,https://mi.temirin.jp/data/contentset/tmp//F/3F/assets/spot/W5GJ5U.jpg,https://mi.temirin.jp/data/contentset/tmp//F/3F/assets/spot/UBbu2P.jpg
178,華乃井テラス,創作・ダイニング,,お家ごはんでレストラン気分を,人気の炭火焼ステーキを初めとする全8品の華やかな華乃井オードブル。たまにはお料理をお休みして贅沢なひと時はいかがですか！,愛知県豊橋市西小田原 1,34.761196,137.384366,(0520)55-5001,,https://mi.temirin.jp/data/contentset/tmp//F/3F/assets/spot/StXfeM.png,https://mi.temirin.jp/data/contentset/tmp//F/3F/assets/spot/5JV5fK.png
179,「畑の恵みを食べる」新鮮野菜をたっぷりと Marché & Cafe hana・yasai,カフェ・喫茶店,,地元お野菜たっぷり、人気のサンドウィッチをご自宅で！,インスタ映え抜群！はなやさい人気のお野菜たっぷり萌え断サンドウィッチや出来立てホットサンドを、ご自宅でお楽しみいただけます。テイクアウトメニューは、HPに掲載しております。前日までにお電話での予約をオススメしております♪,愛知県豊橋市曙町字測点 157-2,34.726902,137.401193,(0520)46-6509,https://www.hana-yasai.com/,https://mi.temirin.jp/data/contentset/tmp//F/3F/assets/spot/3GcW9J.jpg,
180,味は心 濱作,和食,,料理屋さんの本格派の味をオフィス＆ご家庭に！！,自家製オリジナルメニューが豊富にご用意しております。前日15:00までにご予約をお願いします。デリバリーもしておりますので一度ご連絡下さい！又、当店まで取りに来て頂ければ10％分のクーポンプレゼント！,愛知県豊橋市下地町字北村 71-1,34.78203,137.388641,0120-47-8039,http://hamasaku.net,https://mi.temirin.jp/data/contentset/tmp//F/3F/assets/spot/GQXdzL.jpg,
181,創作串揚げと野菜 はやかわ,とんかつ・串揚げ,,選べるテイクアウト！,"串揚げ5本1,000円、串揚げ10本1,800円、串揚げ20本3,500円、豚ヒレ低温調理カツサンド1,200円などあり。ご予約はお電話、メッセージなどでお願い致します。",愛知県豊橋市松葉町 3-55,34.767355,137.383561,(0520)52-0151,https://peraichi.com/landing_pages/view/hayakawa,https://mi.temirin.jp/data/contentset/tmp//F/3F/assets/spot/W75j3O.jpg,
182,HALUCAFE,カフェ・喫茶店,,お持ち帰りも笑顔で！「HALUCAFE」です！,お電話での事前注文の場合、希望のお時間に合わせてお作りします。直接お店でのご注文の場合は、しばらくお車や店外でお待ち頂きます。ご飯物やパフェなど、心を込めて色々御用意しておりますのでお家でお楽しみ下さい。詳しくはInstagramにて。,愛知県豊橋市南大清水町字元町 243-1,34.692589,137.358243,080-6910-8673,,https://mi.temirin.jp/data/contentset/tmp//F/3F/assets/spot/AY2jDU.png,https://mi.temirin.jp/data/contentset/tmp//F/3F/assets/spot/ZCg841.png
183,Bar Cafe ZORION,惣菜・オードブル・お弁当,創作・ダイニング,スペイン料理を中心にタパス盛合わせをご自宅で！,オードブルは1時間程度のお時間をいただいております。当日の場合、材料により内容が変わります。混雑する場合にはお渡し時間をご相談させていただきます。お引取りが20:00を回る場合にもご相談いただければ対応致しますのでご遠慮なく申し付けください。,愛知県豊橋市南小池町 166-2,34.745613,137.387349,(0520)21-6122,https://barcafe.zorion.jp,https://mi.temirin.jp/data/contentset/tmp//F/3F/assets/spot/9Aedrb.jpg,https://mi.temirin.jp/data/contentset/tmp//F/3F/assets/spot/7Qswgm.jpg
184,スペイン食堂 がぶ飲みワイン バルダモンデ,各国料理（エスニック）,,自宅で本格スペイン料理、パエリア・アヒージョを！,"パエリアは出来立てをパックにて、アヒージョは具材と企業秘密のオイルを真空パックにてお持ち帰り可能。電話予約がスムーズです。また、系列店のドバールと合わせて5,000円以上で市内デリバリー可能（デリバリーは前日までの予約のみ）。",愛知県豊橋市広小路 1-24,34.764084,137.385335,090-8335-5457,,https://mi.temirin.jp/data/contentset/tmp//F/3F/assets/spot/VYtFuy.jpg,
185,ガーリックシュリンプ Bamboo Jockey,洋食,,ガーリックシュリンプの移動販売,アメリカで走っていたスクールバスをキッチンカーに改造してガーリックシュリンプを販売。移動販売ですので出店しても大丈夫な場所があれば愛知県ならどこでも行けます！主な出店場所はVintage Modeさんの敷地内をお借りしています。登録住所は車の保管場所です。,愛知県豊橋市飯村南 1-10-1,34.74403,137.417612,080-3640-1504,,https://mi.temirin.jp/data/contentset/tmp//F/3F/assets/spot/jJa9SM.jpg,
186,エスプレッソ&ピッツァ VENUS BAR,イタリアン,,石窯焼ピザと前菜盛合せで楽しく家呑みを！,石窯焼ピザはいつでもお電話で注文OKです。ボリュームのある前菜オードブルセットの大量注文は前日19:00までに要予約です。,愛知県豊橋市牟呂市場町 2-10 第1岡田マンション1F,34.749296,137.359677,(0520)87-4781,https://venusbar2017.jimdofree.com/,https://mi.temirin.jp/data/contentset/tmp//F/3F/assets/spot/qKg502.jpg,https://mi.temirin.jp/data/contentset/tmp//F/3F/assets/spot/duwqjk.jpg
187,フランス料理 ビストロ アンジュ,フレンチ,,おウチで愉しむフレンチオードブルとスープのセット,ご自宅でワインをゆっくりと愉しめる美味しいオードブルとランチに最適なスープと小さなオードブルとパンのセットをご用意しております。予約制となりますので、詳細はお気軽にお電話にてお問合せ下さい。,愛知県豊橋市西岩田 3-3-6,34.750761,137.415806,(0520)66-2066,,https://mi.temirin.jp/data/contentset/tmp//F/3F/assets/spot/5fx7SC.jpg,
188,飛騨路,和食,インド・カレー,飛騨牛カレー、国産牛すじ丼等をリーズナブルに！,飛騨路は飲食店として街のインフラになるためにこれからも営業していきます。在宅ワークで頑張っている方や、家事を頑張っている方の憩いの時間になるように毎日心を込めてお作り致します。前日までにご予約いただけますとスムーズにお渡しが可能です。,愛知県豊橋市札木町 47,34.766749,137.389926,(0520)54-2588,,https://mi.temirin.jp/data/contentset/tmp//F/3F/assets/spot/WF2OzX.jpg,https://mi.temirin.jp/data/contentset/tmp//F/3F/assets/spot/X3Arqj.jpg
189,カフェ&レストラン 日付変更線,カフェ・喫茶店,,お店の味をご家庭でごゆっくりどうぞ,当店特製のふわとろオムライスや手作りハンバーグをいつものお持ち帰り価格よりもさらにお値打ちにしました！お電話で予約してくださるとお渡しがスムーズにできます。,愛知県豊橋市石巻本町字東野 15-7,34.803734,137.440323,(0520)88-5095,http://hmgs.jp/hizuke/,https://mi.temirin.jp/data/contentset/tmp//F/3F/assets/spot/ZKLgtG.jpg,
190,ピッツァ オリーブ,イタリアン,,国産小麦を使った本格石窯ピザが400円～,本格的なピザを気軽にお手頃価格で楽しめる豊橋では珍しいファストフードのピザ店です。国産小麦を使いじっくり熟成させた生地で作った十数種類のピザをテイクアウトして頂けます。,愛知県豊橋市西幸町字浜池 19-1,34.723311,137.405394,(0520)74-7782,https://toyohashi-pizza.jp/,https://mi.temirin.jp/data/contentset/tmp//F/3F/assets/spot/gqucO5.jpg,https://mi.temirin.jp/data/contentset/tmp//F/3F/assets/spot/fAplBw.jpg
191,HINOMAISON 豊橋店,イタリアン,,本格ピザ、パスタ、焼肉をご自宅で！,ヒノメゾンの人気料理を多数ご用意しております。26㎝の本格ミラノピザは絶品です。18:30までであれば当日注文も承ります。,愛知県豊橋市藤沢町 33,34.747326,137.371496,(0520)43-6508,https://hino-maison.com/,https://mi.temirin.jp/data/contentset/tmp//F/3F/assets/spot/pcqWyY.jpg,
192,炉ばた焼き 日吉丸,居酒屋,,老舗居酒屋メニューをご自宅でもお楽しみください,こだわりの食材、心を込めた各種メニューと共に、ご自宅でも美味しい楽しいひとときをお過ごしください。店頭、お電話にて各種テイクアウトメニューのご注文を承ります。事前にお電話をいただければ、お渡しまでスムーズです。,愛知県豊橋市西小池町 66-2,34.75044,137.385062,(0520)46-2889,,https://mi.temirin.jp/data/contentset/tmp//F/3F/assets/spot/YPum5r.jpg,
193,イタリアンレストラン FUCA,イタリアン,洋食,お家でお店の味を！,基本的に冷凍状態でのお渡しです。当日でなくても好きな時に、お家でお店の味を味わうことができます。レンジで温めるだけなので簡単にお店の味を再現できます！解凍された状態がよい場合は前日までの予約でOK。お家でお店の味をたのしんで！,愛知県豊橋市駅前大通 1-27-5,34.763662,137.385099,(0520)54-6602,,https://mi.temirin.jp/data/contentset/tmp//F/3F/assets/spot/g6gUMX.jpg,
194,パン屋 ブーランジェリー あめみ,パン,,すべて、自家製天然酵母パンです,サンドイッチやピザもご用意しております。ご来店までにお電話を頂くと、商品をすぐにお渡し出来ますので、お気軽にお問合せ下さい。（コロナ対策のためパンはすべて個包装しております。）,愛知県豊橋市東幸町字長山 62,34.735939,137.412102,(0520)39-5883,,https://mi.temirin.jp/data/contentset/tmp//F/3F/assets/spot/HxgPvv.jpg,https://mi.temirin.jp/data/contentset/tmp//F/3F/assets/spot/d3OYp4.jpg
195,ベトナムレストラン フォードラゴン,各国料理（エスニック）,,人気のフォーや春巻きバンチュがおすすめ,豊橋ではあまりないベトナム料理が堪能できます。人気のフォーチキンはこだわりのスープと麺の相性が抜群です。TAKE OUTで是非！！,愛知県豊橋市花中町 10,34.754083,137.385341,(0520)31-3181,,https://mi.temirin.jp/data/contentset/tmp//F/3F/assets/spot/2sSeyF.jpg,
196,ふく専門店 福べ,和食,和・洋菓子、スイーツ,とらふくでとろとろぷりんをつくりました,お電話にて御希望をお問合せ下さい。,愛知県豊橋市松葉町 2-35-1 一、福ビル3F,34.766267,137.384147,(0520)39-3181,http://www.fugu-fukube.jp,https://mi.temirin.jp/data/contentset/tmp//F/3F/assets/spot/d7wUNi.jpg,
197,関西風地焼専門店 炭焼うなぎと旬菜 藤城,和食,,三河一色産炭焼鰻重、お持ち帰り弁当！,"三河一色産うなぎ1本と、お米は豊橋産女神のほほえみを使用し、今だけ税込2,800円で販売します（7月～8月は税込3000円）。うなぎを食べて強い体を！ぜひ体力をつけて下さい。お気軽にお電話下さいませ。",愛知県豊橋市東小浜町 112,34.741882,137.375316,(0520)45-5570,,https://mi.temirin.jp/data/contentset/tmp//F/3F/assets/spot/E9rYUX.jpg,https://mi.temirin.jp/data/contentset/tmp//F/3F/assets/spot/ZM9ibE.jpg
198,ブラジリアーナピザ,洋食,,お家でオリジナルブラジリアンピザを楽しめます,当店では、1から生地を作り、オリジナルブラジリアンピザを作っております。デリバリーは店から6km以内まで可能。20:00までは店内でのお召し上がりも可能です。配達、持ち帰りも通常通り行っております。,愛知県豊橋市春日町 2-3-1 ムラタビル101,34.759734,137.416843,(0520)39-4300,http://brasiliana.jp,https://mi.temirin.jp/data/contentset/tmp//F/3F/assets/spot/BSUMtl.jpg,
199,Brooklyn,ハンバーガー・サンドイッチ,,人気のバーガー、フィッシュ＆チップスなどをご家庭で。,メニューの全てをテイクアウト可能。人気No.1のブルックリンバーガー他7種のバーガー、フィッシュ＆チップス、チキンフィンガー、バッファローチキン、サラダ各種、フライドポテト、オニオンリング、など。電話予約ならお待たせしません。,愛知県豊橋市広小路 1-4 （ときわアーケード内）,34.764646,137.383485,(0520)26-6111,,https://mi.temirin.jp/data/contentset/tmp//F/3F/assets/spot/mYoIQ4.png,https://mi.temirin.jp/data/contentset/tmp//F/3F/assets/spot/LvtOXP.png
200,ITALIANA pecoruso,惣菜・オードブル・お弁当,イタリアン,ボリューミーで美味しいお肉のお弁当を是非！,新鮮な野菜＆お肉をたっぷり使用したお弁当はいかがでしょうか！？出来立てパニーニもメニューに仲間入り。オードブルや、お酒に合うおつまみセットなどもご用意あります！すべて前日までの事前予約になります。お気軽にどうぞ。,愛知県豊橋市潮崎町 85 リッショーマンションA,34.742709,137.370702,(0520)22-8673,,https://mi.temirin.jp/data/contentset/tmp//F/3F/assets/spot/taU9lD.jpg,
201,ベルブレッド,洋食,パン,魚介類たっぷり♪ガーリックチャーハン,大ぶりシーフードがたっぷりのガーリック炒飯やパエリアなど味にこだわったお弁当を各種1日20食限定で販売。サンドやプチパンが入ったランチボックスもおススメです。,愛知県豊橋市曙町南松原 133-1,34.7253,137.403062,0120-014-815,https://r.goope.jp/bellbread/menu/c666098,https://mi.temirin.jp/data/contentset/tmp//F/3F/assets/spot/zZb90s.jpg,
202,ポカラ 豊橋岩田店,インド・カレー,各国料理（エスニック）,美味しい焼き立てナン＆本格カレーのお店！お電話注文でご希望の時間にお作りします,テイクアウトはお電話注文でご希望の時間にお作りします！レストランの奥深い本格カレーをご家庭でお楽しみください。,愛知県豊橋市平川本町 1-16-8,34.761322,137.425372,(0520)64‐2312,http://www.pokhara-group.com/,https://mi.temirin.jp/data/contentset/tmp//F/3F/assets/spot/KmYF3k.png,
203,ポカラ 豊橋駅前店,インド・カレー,各国料理（エスニック）,美味しい焼き立てナン＆本格カレーのお店！お電話注文でご希望の時間にお作りします,テイクアウトはお電話注文でご希望の時間にお作りします！レストランの奥深い本格カレーをご家庭でお楽しみください。,愛知県豊橋市萱町 20-10,34.765079,137.385481,(0520)56‐2711,http://www.pokhara-group.com/,https://mi.temirin.jp/data/contentset/tmp//F/3F/assets/spot/xnpBaf.png,
204,ポカラ 豊橋佐藤店,インド・カレー,各国料理（エスニック）,美味しい焼き立てナン＆本格カレーのお店！お電話注文でご希望の時間にお作りします,テイクアウトはお電話注文でご希望の時間にお作りします！レストランの奥深い本格カレーをご家庭でお楽しみください。,愛知県豊橋市佐藤 1-14-16 花ヶ崎ガーデンプレイス1F,34.746242,137.404058,(0520)66-5533,http://www.pokhara-group.com/,https://mi.temirin.jp/data/contentset/tmp//F/3F/assets/spot/qI2nDb.png,
205,Espana Bar Boqueria,各国料理（エスニック）,,本格スペイン料理をご家庭で！,魚介の旨みが染み込んだ絶品パエリアや、素材の味を楽しめるスペイン風ピザ、濃厚な味わいの上質な生ハムなどご家庭でスペイン料理を味わえます。人気メニューのタパス（小皿料理）もテイクアウト可能。前日までの要予約。,愛知県豊橋市広小路 1-36,34.76414,137.384231,050-3820-9810,,https://mi.temirin.jp/data/contentset/tmp//F/3F/assets/spot/3683la.jpg,
206,香熟食パン 穂のか,パン,,しっとりもっちり、こだわりの食パン専門店です,上品な甘みと深いコクの「ミルクバター食パン」、小麦本来の甘みと香りが引き出された「ナチュラル食パン」、レーズンの甘みと酸味が絶妙な「究極のぶどうパン」をご用意致しております。生産数に限りがございます。お気軽に店舗までお問合せください。,愛知県豊橋市曙町字南松原 9-1,34.730153,137.400857,(0520)38-5771,http://www.k-honoka.jp/,https://mi.temirin.jp/data/contentset/tmp//F/3F/assets/spot/C2d0pb.jpg,https://mi.temirin.jp/data/contentset/tmp//F/3F/assets/spot/KeiMOd.jpg
207,たこ焼きbar POLPO,たこ焼き・お好み焼き,,出汁の旨みが広がるとろふわたこ焼き,ご注文を頂いてから作り始めるので、少々お時間を頂きます。お電話でのご注文も可能なのでお気軽にご連絡下さい！,愛知県豊橋市松葉町 2-42,34.766325,137.384361,(0520)52-6007,,https://mi.temirin.jp/data/contentset/tmp//F/3F/assets/spot/t6sZyh.jpg,
208,ボンとらや&とよはし最強ランチ宅配デリバリー,和・洋菓子、スイーツ,,地元名店のおうちごはん+スイーツをお届けします,ボンとらやが地元名店4店舗8種類のランチとピレーネを890円均一セット。ピレーネ、どらやき、お誕生日ケーキもお届けし、接触最小限、暑さ対策にも対応。宅配専用サイトよりご注文をお願い致します。（前日14:00までのご予約で翌日配達）,愛知県豊橋市羽田町 66,34.764016,137.377945,(0520)31-6116,https://bondeli.shop-pro.jp/,https://mi.temirin.jp/data/contentset/tmp//F/3F/assets/spot/0NkJnn.jpg,
209,あったかキッチン まあるいおさら,惣菜・オードブル・お弁当,,本物の食材で美味しくおうちで団らん♪,フードオアシスあつみこだわりの食材・調味料を使った直営レストランのお料理をご自宅でお楽しみ頂けます！テイクアウトはお電話でも承りますので出来立てをお持ち帰り頂けます。日替わりは魚・肉メインの2種ご用意。内容は店舗までお問合わせ下さい。,愛知県豊橋市山田三番町 66,34.740723,137.399102,(0520)37-1177,https://www.foodoasis.jp/maaruiosara/,https://mi.temirin.jp/data/contentset/tmp//F/3F/assets/spot/EJ3Mcv.png,https://mi.temirin.jp/data/contentset/tmp//F/3F/assets/spot/34A90E.png
211,Dinner's Dining Marché,創作・ダイニング,,季節の食材を盛り込んだMarcheのテイクアウト！,旬鮮食材を使った創作料理のテイクアウトを開始！！赤ワイン、香草、野菜の旨みが溶け込むデミグラスソースで仕上げた「牛肉のデミグラスソース煮」や、絶品「ハモン・イベリコ（生ハム）」はオススメ。前日までの要予約。,愛知県豊橋市松葉町 2-16,34.765786,137.383486,050-3820-9811,,https://mi.temirin.jp/data/contentset/tmp//F/3F/assets/spot/7V3yIP.jpg,
212,丸よ,和食,,老舗の鰻料理をご家庭で,"創業140余年の老舗の鰻料理をお持ち帰り頂けます。鰻のお弁当2,100円～。鰻の蒲焼きのみのお持ち帰りも出来ます。当日予約可。",愛知県豊橋市札木町 50,34.766805,137.389708,(0520)52-4987,http://www.maruyo-gr.com/,https://mi.temirin.jp/data/contentset/tmp//F/3F/assets/spot/wJhoI3.jpg,
213,名物水炊き 鶏焼肉 三河赤鶏 おいでん,居酒屋,焼鳥・串焼き,自宅でお手軽にお店の味を,鶏の旨味たっぷりの濃厚白濁スープの名物水炊きを自宅でご賞味下さい。店頭にてご注文も可能ですが、来店前に電話予約でスムーズにご用意できます。一日で用意できる数に限りがありますのでお問い合わせください。,愛知県豊橋市駅前大通 1-4,34.763556,137.383841,(0520)52-8866,,https://mi.temirin.jp/data/contentset/tmp//F/3F/assets/spot/v7ryVj.jpg,
214,300gバベットステーキon the board Mu【ミュウ】豊橋,焼肉・ステーキ,創作・ダイニング,当日15:00まで予約可能！,"肉盛りセット（300gバベットステーキと500g BBQポーク、ガーリックトースト付き）5,000円税別。おつまみセット（生ハム、ボローニャハム、チーズ、ガーリック枝豆）2,000円税別。サラダ500円税別。",愛知県豊橋市松葉町 1-25,34.765397,137.383673,(0520)56-5660,,https://mi.temirin.jp/data/contentset/tmp//F/3F/assets/spot/wW41cC.jpg,
215,milks toyohashi,和・洋菓子、スイーツ,,台湾直送本格生タピオカドリンクといちご飴専門店,台湾直送本格生タピオカドリンクと、地元直送摘みたて『いちご飴』が一緒に楽しめる、日本で唯一のSWEETS & CAFE STAND -milks toyohashi-です。,愛知県豊橋市駅前大通 2-71 大豊ビルD-2,34.761716,137.386016,(0520)56-6000,,https://mi.temirin.jp/data/contentset/tmp//F/3F/assets/spot/3A3QQW.png,https://mi.temirin.jp/data/contentset/tmp//F/3F/assets/spot/DRUcyj.png
216,タレが違う焼き鳥屋 むさし,焼鳥・串焼き,,生産者支援の焼鳥は10本ごとにオマケ付き,修業先から受け継いだ門外不出の継ぎ足し歴12年目のタレで焼き上げた「むさしのやきとり」は、コロナの影響で行き場のない鶏肉を使用して鶏肉加工業者と精肉店を支援しています。,愛知県豊橋市駅前大通 1-55 ココラフロント1F,34.762056,137.383846,(0520)52-1710,,https://mi.temirin.jp/data/contentset/tmp//F/3F/assets/spot/2wQZmI.jpg,
217,無名coffee stand,カフェ・喫茶店,,挽きたて淹れたてのドリップコーヒーをテイクアウト,店内に入らず外の窓口からご購入いただけます。,愛知県豊橋市駅前大通 3-118,34.761856,137.389626,080-3061-6408,,https://mi.temirin.jp/data/contentset/tmp//F/3F/assets/spot/YKJLi9.jpg,
218,タコス酒場 メキシポン,各国料理（エスニック）,,TACOSを手巻き感覚でお家で作りませんか？,自宅にてできたて本場のタコスを堪能して頂けます。お持ち帰りのみでTACOSキット（5枚分）を販売。タコスキットのメニューがインスタに載っていますので是非ご覧ください。ご不明な点はお気軽にお問い合わせ下さい。さあ、家でタコスを食べよう！,愛知県豊橋市花田一番町 189,34.763744,137.380212,(0520)75-8393,http://www.mexipon-web.com/,https://mi.temirin.jp/data/contentset/tmp//F/3F/assets/spot/Pzv1pB.jpg,
219,メリケン 豊橋店,ハンバーガー・サンドイッチ,イタリアン,おうちでメリケン！名物ロテチキンやもちもちピザ！,"名物ロテチキン（1羽）1,690円、メリケンタコス500円、フライドチキンバーガー600円、牛肉100％メリケンチーズバーガー700円、ピザ12種類500～700円などをご用意。その他のメニュー詳細は、店舗WEBサイトからご覧頂けます。",愛知県豊橋市駅前大通 1-27-3,34.763777,137.385091,(0520)54-1089,,https://mi.temirin.jp/data/contentset/tmp//F/3F/assets/spot/A321U5.jpg,
220,MERCY'S CAFE 向山店,カフェ・喫茶店,ハンバーガー・サンドイッチ,向山店人気のパスタやハンバーガーをご家庭で,"向山店で提供しているパスタ、ハンバーガー等が、今だけドリンクorサラダが付いて700円～テイクアウト可能になりました。メニューはインスタグラムにて掲載中。当日は店頭もしくはお電話でご注文して頂けます。

テイクアウトメニューはインスタグラム@mercys_cafeにて掲載しております。店頭でのご注文も可能ですが、事前にご予約いただくとスムーズにお渡しができます。今だけドリンクorサラダを無料サービス中！簡易ドライブスルー（駐車場受け渡しサービス）も是非ご活用下さい。←HP又はインスタグラムに詳細あり",愛知県豊橋市向山町字塚南 28-5,34.75548,137.398758,(0520)56-4602,,https://mi.temirin.jp/data/contentset/tmp//F/3F/assets/spot/FqPJPC.png,https://mi.temirin.jp/data/contentset/tmp//F/3F/assets/spot/OVukRb.png
221,MERCY'S CAFE 佐藤本店,カフェ・喫茶店,ハンバーガー・サンドイッチ,簡易ドライブスルー始めました！,サンドウィッチ、ピタパン、ピザが730円～テイクアウト可能です。また、各店簡易ドライブスルー（駐車場受け渡しサービス）を始めました。詳細とメニューはインスタグラムにて掲載しております。,愛知県豊橋市佐藤町 4-39-8,34.740847,137.410035,(0520)66-5401,,https://mi.temirin.jp/data/contentset/tmp//F/3F/assets/spot/90LoYM.png,https://mi.temirin.jp/data/contentset/tmp//F/3F/assets/spot/WbJJUp.png
222,モツ鍋 い子い,和食,,九州の名物かき氷「白くま」！3～10月限定,こだわりの純氷を細かく削り、ふわふわ食感を実現！！自家製練乳・フレッシュフルーツがたっぷり乗ったかき氷です。大人気のもつ鍋を自宅で味わえるテイクアウトも好評発売中です。,愛知県豊橋市中浜町 28,34.741678,137.371935,(0520)37-3343,,https://mi.temirin.jp/data/contentset/tmp//F/3F/assets/spot/KYx3Y4.png,https://mi.temirin.jp/data/contentset/tmp//F/3F/assets/spot/SfKX2L.png
223,インド・ネパール料理 モティマハール,インド・カレー,,人気のチーズナンがお家で楽しめます。,本場インドネーパール料理がお家で楽しめちゃいます。全25種類のナンが人気で、チーズナンやハニーチーズナン、最近始めた抹茶ナンもおすすめです。,愛知県豊橋市花中町 10,34.754068,137.385417,(0520)31-3181,https://motimahalu.wixsite.com/mysite,https://mi.temirin.jp/data/contentset/tmp//F/3F/assets/spot/SQu39u.png,https://mi.temirin.jp/data/contentset/tmp//F/3F/assets/spot/EL3BWf.png
224,やきとり横綱 本店,焼鳥・串焼き,和食,豊橋市牛川にある串焼き・鶏料理の専門店です,豊橋の鶏料理は横綱で決まり！！半世紀以上、地元で愛され続けた味。メニュー表にあるものは飲物以外テイクアウト頂けます。青陵街道「牛川町」信号交差点コスモガソリンスタンドのお向かいです。※お気軽に電話予約ください。,愛知県豊橋市牛川通 2-4-11,34.778627,137.417911,(0520)53-7417,https://yokozuna-honten.jimdosite.com,https://mi.temirin.jp/data/contentset/tmp//F/3F/assets/spot/I8skX4.jpg,
225,焼肉はなだ,焼肉・ステーキ,,はなだの味をそのままに、おうち焼肉いかがですか？,"店内のほとんどのお品がテイクアウトできます。また、はなだおうち焼肉セット（3～4名様用）5,940円など、お持ち帰り専用のお得なセットメニューも新登場！カルビ丼やビビンバなどのお弁当もお作りできますのでお問い合わせください。",愛知県豊橋市つつじが丘 2-7-27,34.747008,137.396272,(0520)61-8877,,https://mi.temirin.jp/data/contentset/tmp//F/3F/assets/spot/Rox3NX.jpg,
226,お食事・宴処 やまに会館,和食,惣菜・オードブル・お弁当,大海老フライ弁当や鰻弁当など、職人の味をご家庭で！,やまに会館では圧巻のボリューム「大海老フライ弁当」や厳選された素材で作られた各種弁当のほか、パーティーオードブル、慶事・祝事・法事などの仕出し弁当まで幅広いラインナップを取り揃えております。,愛知県豊橋市東脇 3-14-6,34.754191,137.368223,(0520)31-0956,http://takeout.kora.co.jp/yamani/,https://mi.temirin.jp/data/contentset/tmp//F/3F/assets/spot/EDQ8AV.jpg,https://mi.temirin.jp/data/contentset/tmp//F/3F/assets/spot/EqlpgV.jpg
227,しゃぶしゃぶ らく楽,和食,,出来立てをすぐにお持ち帰り頂けます。,ご注文は、お電話、店頭にて承ります。その他ご予算等ご要望がございましたらお気軽にご相談ください。（おかずだけ、オードブル、懐石料理折り、ステーキ弁当、すき焼き弁当等）,愛知県豊橋市花園町 12,34.7656,137.3873,(0520)52-6276,http://www.raku-coty.co.jp/,https://mi.temirin.jp/data/contentset/tmp//F/3F/assets/spot/PzJWkW.jpg,
228,LATERRE TOYOHASHI,カフェ・喫茶店,ハンバーガー・サンドイッチ,お店の味をご家庭でも！！！,"テイクアウトは11:00～18:00まで承ります。デリバリーは11:00～14:00の間、3,000円以上お買い上げ頂いた場合に、片道15分以内の距離で可能です。また、ドリンクと一緒にご購入頂くとドリンク代は半額にさせて頂きます！",愛知県豊橋市豊栄町字東 298-1,34.70363,137.435268,090-5005-3622,https://laterre-k.com/,https://mi.temirin.jp/data/contentset/tmp//F/3F/assets/spot/nj7YnZ.jpg,
229,中国料理 里弄,中華,,リーロンのお料理をお家でいかがですか？,"単品メニューやオススメのお料理。台湾弁当は3種類1,000円～。おまかせのお弁当は1,500円（2名様からの予約）。今後はオードブルもご用意致します。「中国料理 里弄」のフェイスブックで、随時更新しますのでご覧下さい。",愛知県豊橋市井原町 87-6,34.767352,137.422852,(0520)63-6025,,https://mi.temirin.jp/data/contentset/tmp//F/3F/assets/spot/mgflC4.jpg,
230,RIPONTE,イタリアン,,おうちで本格生パスタ,生麺付で自宅で当店自慢のパスタの味が楽しめます！パスタ以外にもピザ、アヒージョ、バーニャカウダーなどお持ち帰り可能です。（当日予約可）,愛知県豊橋市牛川通 1-19-1,34.777228,137.421862,(0520)75-7372,,https://mi.temirin.jp/data/contentset/tmp//F/3F/assets/spot/rwTbQb.jpg,
231,焼肉 凛檎や,焼肉・ステーキ,,当店人気の厳選肉をオン・ザ・ライスでお気軽に！,当店人気のオン・ザ・ライスをご飯の上にのせてお気軽にご自宅でお楽しみください。ガーリック醤油バターや焼きすき（すき焼き風味）2つの味でお試しください。お気軽にお問合せを。,愛知県豊橋市小松町 168-1,34.740386,137.392156,(0520)48-8484,https://ringoya-gginternational.gorp.jp/,https://mi.temirin.jp/data/contentset/tmp//F/3F/assets/spot/F6Fyel.jpg,
232,レストラン オフロード,創作・ダイニング,,老舗の味をご家庭に,「ストウブ」の豊橋牛とコラボしました。前日19:00までに要予約で、20食を限定販売致します。受け渡し時間は17:00～19:00、ご予約はストウブのみにて受け付けております。ちょっと特別な日にもおすすめです。,愛知県豊橋市多米中町 2-3-9,34.762179,137.448096,(0520)63-2237,,https://mi.temirin.jp/data/contentset/tmp//F/3F/assets/spot/mIrmKw.jpg,
233,食堂 和食よしば,和食,寿司,テイクアウトのお弁当を始めました！,お店の味をご家庭でご賞味ください！お電話での注文時にお名前と受け取りのお時間をお知らせください。ランチのお弁当注文時間は9:00～11:00（受取り11:30～13:30）、ディナーの注文時間は16:30～19:00（受取り17:00～20:00）,愛知県豊橋市八町通 5-138,34.769263,137.400447,(0520)53-1423,,https://mi.temirin.jp/data/contentset/tmp//F/3F/assets/spot/GijWmK.jpg,https://mi.temirin.jp/data/contentset/tmp//F/3F/assets/spot/e1u8iZ.jpg
234,創作美味 わっぽい,和食,,こだわりのお店ごはんをご自宅で！お弁当あります！,自慢のだし巻き玉子から皇帝海老のエビマヨなど、こだわりの食材、料理の数々をご自宅で。単品おかずからお弁当、オードブルセット（要予約）などもご用意しております。当日もOKですがご予約注文を頂けるとスムーズにお渡し可能です。,愛知県豊橋市広小路 2-2,34.764352,137.38587,(0520)56-7688,,https://mi.temirin.jp/data/contentset/tmp//F/3F/assets/spot/pE3ctf.jpg,https://mi.temirin.jp/data/contentset/tmp//F/3F/assets/spot/kvVcLw.jpg
235,創作和風料理 和の膳,和食,,和の膳はご家庭のお食事のお手伝いをします！,お持ち帰り弁当はHPに掲載しております。当日でも大丈夫です。おうちでお店の味をお楽しみください。,愛知県豊橋市磯辺下地字下地 45,34.719578,137.366952,(0520)45-7377,https://www.wanozen.net,https://mi.temirin.jp/data/contentset/tmp//F/3F/assets/spot/zdnW4O.jpg,https://mi.temirin.jp/data/contentset/tmp//F/3F/assets/spot/WYwUH8.jpg
236,和の膳おざき,和食,,お店の味をご家庭で、当日注文OKです,"1,900円のお弁当、1,500円のお弁当、900円の日替わりお弁当が用意できます。一点からの注文OKです。栄養バランスの取れた美味しくてヘルシーな和のお弁当をご自宅でお楽しみください。",愛知県豊橋市飯村北 3-12-5,34.747015,137.42557,(0520)64-7789,https://www.wanozen.net/,https://mi.temirin.jp/data/contentset/tmp//F/3F/assets/spot/BqZKAt.jpg,https://mi.temirin.jp/data/contentset/tmp//F/3F/assets/spot/1maiKP.jpg
237,和風レストラン 芳賀,和食,,お弁当、定食のテイクアウト,写真の「幕ノ内弁当」の他に「ヒレカツ定食」など、定食もテイクアウト可能です。内容の変更等ご要望がございましたらお伝えください。お待たせしないお電話での注文がオススメです。,愛知県豊橋市堂坂町 51,34.750568,137.377628,(0520)45-5155,,https://mi.temirin.jp/data/contentset/tmp//F/3F/assets/spot/434Q2c.jpg,
238,有限会社 まんてん．,惣菜・オードブル・お弁当,,学校給食向けに製造した無添加食材販売！,新型コロナウィルスの影響で学校給食がキャンセルになり、冷凍食品が在庫になっております。,愛知県豊橋市神野新田町字ヲノ割 40-1,34.7380763,137.3415156,(0520)33-2461,https://manten-ff.com,https://mi.temirin.jp/data/contentset/tmp//F/3F/assets/spot/Y8IJJC.jpg,https://mi.temirin.jp/data/contentset/tmp//F/3F/assets/spot/gcEH03.jpg
239,旬肴地酒 寅八,和食,,おうちで寅八♬美味しい魚をご自宅で！,自宅でなかなか調理できない魚料理を気軽にテイクアウト。お刺身たっぷり乗った「ばらちらし」、香ばしく、ふんわり「穴子箱めし」、旬な肴を乗せ、海苔にもこだわった「肴たっぷり海苔弁当」、寅八の真骨頂「本日はあら炊き」など、揃えております。,愛知県豊橋市広小路 2-37,34.763775,137.386306,(0520)56-8388,http://www.torahachi.com/,https://mi.temirin.jp/data/contentset/tmp//F/3F/assets/spot/9JT3vw.png,https://mi.temirin.jp/data/contentset/tmp//F/3F/assets/spot/o3Zp20.png
240,うなぎ 百万石,居酒屋,各国料理（エスニック）,備長炭で焼いた鰻がお得な値段で♪,人気の唐揚げ弁当をはじめ、鰻丼、タイカレー、パッタイ、ローストビーフ丼などテイクアウトできます。,愛知県豊橋市花田一番町 184,34.7624833,137.380344,(0520)31-0408,,https://mi.temirin.jp/data/contentset/tmp//F/3F/assets/spot/y6aMKy.png,https://mi.temirin.jp/data/contentset/tmp//F/3F/assets/spot/IRefS8.jpg
241,酒の森田屋,居酒屋,,こだわりのワインや日本酒をご自宅で！,お好みの味わいや食事に合わせたワインを、ソムリエが相談に乗って選ばせて頂きます。,愛知県豊橋市東脇 3-1-17,34.755718,137.370667,(0520)31-6556,http://moritaya-hp.com/,https://mi.temirin.jp/data/contentset/tmp//F/3F/assets/spot/2I83pK.jpg,https://mi.temirin.jp/data/contentset/tmp//F/3F/assets/spot/DZznUm.jpg
242,ディー・ゲート,居酒屋,,お試しやレア物をご自宅で！プレゼントにも是非(^^),《飲んでみたいけど1本買って好みじゃなかったら》《普段飲めない高級なウイスキーを奥様や恋人と》《手に入らないウイスキーをプレゼントに》等々少しでも楽しんで頂けたらと思います。,愛知県豊橋市広小路 3-53,34.763931,137.387663,090-7300-5170,,https://mi.temirin.jp/data/contentset/tmp//F/3F/assets/spot/aephz0.jpg,https://mi.temirin.jp/data/contentset/tmp//F/3F/assets/spot/mwfvtG.jpg
244,ナザレうどん,うどん・そば,,出前、お持ち帰り、やっとります！,近隣エリアには既存の出前メニューで出前いたします。お持ち帰りは使い捨て容器、おかもちでのお持ち帰り、両方出来ます。駐車場で、お車の中で召し上がっていただき、容器の回収もいたします。少し離れた状態での商品、お金の受け渡しも対応いたします。お問い合わせ下さいませ。,愛知県豊橋市仲ノ町 80-1,34.758275,137.413584,(0520)61-0530,https://nazareudon.jimdofree.com/,https://mi.temirin.jp/data/contentset/tmp//F/3F/assets/spot/hltmtn.png,https://mi.temirin.jp/data/contentset/tmp//F/3F/assets/spot/Z6hON6.png
247,八剣伝 豊橋広小路店,居酒屋,焼鳥・串焼き,本格　出来立て炭火焼きをお得にお持ち帰り！！,今だけ表示価格の10％OFFで販売しています。事前にお電話にてご注文頂ければ待たずにお渡しできます。※表示価格は税抜きとなっています。,愛知県豊橋市広小路 1-45-2 後藤ビル1F,34.763891,137.384165,(0520)57-1368,,https://mi.temirin.jp/data/contentset/tmp//F/3F/assets/spot/bUFWCS.jpg,https://mi.temirin.jp/data/contentset/tmp//F/3F/assets/spot/HAMAJF.jpg
248,Fond BROWN（フォン ブラウン）,洋食,,1.FondBROWN特製！多彩な肉冷菜たっぷりのオードブルプレート 2.サンドウィッチ＋スープ＋コーヒーのランチセット,"当店のテイクアウトは、外でそのまま食べられる前菜盛合せから、ご自宅で温めて召し上がれるショートコース詰合せ（3,500円・1人前〜）もございます。他にも食べるシーンに応じて内容やお値段のご相談承ります。出張料理もできますよ！",愛知県豊橋市大橋通 1-89-2 NTビル1F（右側）,34.764476,137.382609,(0520)54-3490,http://fondbrown14.wixsite.com/home,https://mi.temirin.jp/data/contentset/tmp//F/3F/assets/spot/2eBZJu.png,https://mi.temirin.jp/data/contentset/tmp//F/3F/assets/spot/Kb8yTl.png
249,中国料理 金来,中華,,お店の味をご自宅で！お弁当各種類ご予約OK！！,お電話、来店でのご注文受け付けます！,愛知県豊橋市大村町字大賀里 83,34.788171,137.388641,080-3689-3116,,https://mi.temirin.jp/data/contentset/tmp//F/3F/assets/spot/iTAVof.png,
250,オレンジガーデン,フレンチ,,牛すじトマトパスタ、ローストビーフなどがテイクアウトできます！,お昼のテイクアウトを再開しました！当店のメイン商品であるイチボ肉のローストビーフ丼の販売やオードブルの注文販売をしています。,愛知県豊橋市大橋通 2-126,34.766014,137.38265,(0520)53-7700,https://orangegarden-toyohashi.owst.jp/,https://mi.temirin.jp/data/contentset/tmp//F/3F/assets/spot/28tWBa.jpg,https://mi.temirin.jp/data/contentset/tmp//F/3F/assets/spot/YI7Uy7.jpg
252,さかなやらーめん,ラーメン,,お持ち帰り油そば、濃厚豚骨まぜそば！,お店の人気メニューをご自宅で！,愛知県豊橋市東脇 4-1-31,34.752778,137.365365,(0520)33-2688,http://ameblo.jp/sakanayaramen/,https://mi.temirin.jp/data/contentset/tmp//F/3F/assets/spot/w6xgw6.jpg,https://mi.temirin.jp/data/contentset/tmp//F/3F/assets/spot/fYVyM6.jpg
253,志の島,和食,,テイクアウトやってますよ！！,一色産の鰻を食べると元気がでますよ。元気をだして頑張っていきましょう。,愛知県豊橋市西小鷹野 3-12-3,34.773926,137.427601,(0520)69-5335,,https://mi.temirin.jp/data/contentset/tmp//F/3F/assets/spot/GJJmu8.png,https://mi.temirin.jp/data/contentset/tmp//F/3F/assets/spot/m3Urhc.png
255,ヤマサちくわ直営「広小路でんでん」,和食,居酒屋,【美酒美食】広小路でんでんの味をご家庭で！＜テイクアウト：事前予約制＞,広小路でんでんの料理人が、気合を込めて毎日作ります！！旬の野菜、魚、肉、練り製品を使い、種類豊富に一箱に盛り合わせ♪　彩りよく贅沢な一箱をご用意します！【前日15時】までに、お電話＜0532-56-6220＞にてご予約お願い致します。下記4店舗のヤマサちくわ直営店にてお渡しします！（魚町本店、豊橋駅カルミア店、本社下地店、東田店）,愛知県豊橋市広小路 1-10,34.764536,137.384039,(0520)56-6220,https://yamasa.chikuwa.co.jp/news/?mode=detail&category=&aid=581,https://mi.temirin.jp/data/contentset/tmp//F/3F/assets/spot/LnPNci.png,https://mi.temirin.jp/data/contentset/tmp//F/3F/assets/spot/lkU8wq.png
256,かんらんや,たこ焼き・お好み焼き,,お店の味をご家庭で,地元のキャベツを使ったふわふわのお好み焼き、中太麺の焼きそば。大盛り、ハーフサイズも可能です。ランチメニュー（800円）もお持ち帰りできます。,愛知県豊橋市西岩田 6-18-1,34.749176,137.422216,(0520)64-5500,,https://mi.temirin.jp/data/contentset/tmp//F/3F/assets/spot/cHkL9A.png,https://mi.temirin.jp/data/contentset/tmp//F/3F/assets/spot/w5eQxN.jpg
257,中華定食 弥栄,中華,,テイクアウト承り中、こだわりの肉餃子他,ワンオペの店ですので、電話にて注文をしていただけるとスムーズにお渡しできます。,愛知県豊橋市高師本郷町字北浦 67-2,34.716403,137.395423,(0520)75-3119,,https://mi.temirin.jp/data/contentset/tmp//F/3F/assets/spot/oykmS1.png,https://mi.temirin.jp/data/contentset/tmp//F/3F/assets/spot/SRMn9h.png
259,おべんとごはん 縁六,惣菜・オードブル・お弁当,,管理栄養士監修のお弁当・お惣菜です,メニューの詳細は、毎週月曜日頃に【おべんとごはん縁六】のインスタとFBページで更新中。お電話でお問い合わせもお待ちしております。お取り置き・ご予約承ります。当店のお料理は美と健康がコンセプト。料理長と栄養士がタッグ組み、栄養バランスの良いお弁当を提供しております。お客さまの美と健康を“食”の分野でお手伝いさせていただきます。,愛知県豊橋市大井町 140,34.7585,137.40922,(0520)69-2006,,https://mi.temirin.jp/data/contentset/tmp//F/3F/assets/spot/kgS4sA.png,https://mi.temirin.jp/data/contentset/tmp//F/3F/assets/spot/mfdZZU.png
261,吉㐂,和食,,テイクアウト　天ぷら弁当700円から,小池の吉㐂と申します。お弁当を始めてみました！値段に合わせてのお弁当もお作りしたいと思います。ご相談下さい。お弁当受付時間（11:30〜13:30、16:30〜19:30）お電話いただければ、お時間に合わせてご用意しておきます。,愛知県豊橋市小池町字西海戸 76-1,34.749571,137.389331,(0520)45-5706,,https://mi.temirin.jp/data/contentset/tmp//F/3F/assets/spot/DdY9Sh.png,https://mi.temirin.jp/data/contentset/tmp//F/3F/assets/spot/8qgzVG.png
262,わびすけ ギャラリーショップ&カフェ,カフェ・喫茶店,惣菜・オードブル・お弁当,まごはやさしい定食のテイクアウト始めました,お弁当は≪まごはやさしい≫を基本に手作り惣菜が詰まっています。カレーライスや、生姜焼は国産銘柄豚を使用し、無添加&グルテンフリーです。感動的な口溶けのサンドイッチも是非お試し下さい。当店では雑穀米を使用し、体に優しいメニューを提供しています。作り置きではありませんのでお電話にてご注文ください。,愛知県豊橋市佐藤 3-23-5,34.742004,137.410775,(0520)64-3234,http://wabisuke-cafe-zakka.com/,https://mi.temirin.jp/data/contentset/tmp//F/3F/assets/spot/ntBtd8.png,https://mi.temirin.jp/data/contentset/tmp//F/3F/assets/spot/EX6jqB.png
263,大正庵,うどん・そば,,お店の味をご自宅で！テイクアウト始めました！,ランチメニューも麺を付けずにおかずとご飯の持ち帰り弁当に！,愛知県豊橋市南松山町 121-2,34.754918,137.389167,(0520)52-5638,http://taisyouan.net/,https://mi.temirin.jp/data/contentset/tmp//F/3F/assets/spot/UNVkp6.jpg,https://mi.temirin.jp/data/contentset/tmp//F/3F/assets/spot/lht0AC.jpg
264,赤から 豊橋柱店,居酒屋,,赤から店舗にてテイクアウト始めました！,赤から人気商品をご自宅でお楽しみください！お酒のおつまみにもピッタリです！！,愛知県豊橋市柱三番町 134-1,34.748438,137.375113,(0520)47-3288,http://takeout.kora.co.jp/akakara/A/?sid=280,https://mi.temirin.jp/data/contentset/tmp//F/3F/assets/spot/JIiM29.jpg,https://mi.temirin.jp/data/contentset/tmp//F/3F/assets/spot/FYHnPI.jpg
265,黒から 豊橋駅前店,居酒屋,,スパイシーな黒から商品をお楽しみください！,刺激を求められる方にピッタリ！！黒から自慢のピリ辛商品をぜひご家庭でもお試しください！,愛知県豊橋市駅前大通 2-3,34.7636,137.385898,(0520)57-2828,http://takeout.kora.co.jp/kurokara/,https://mi.temirin.jp/data/contentset/tmp//F/3F/assets/spot/xspZgj.jpg,https://mi.temirin.jp/data/contentset/tmp//F/3F/assets/spot/dvfbkV.jpg
266,博多屋台や 豊橋花田店,居酒屋,,九州のうまいもんがテイクアウトで大集結！！,博多焼き餃子や黒豚串カツなど食卓での「あと一品」のおかずや「晩酌のお供」にもおすすめです。,愛知県豊橋市花田町字荒木 43-1,34.767416,137.371424,(0520)34-3515,http://takeout.kora.co.jp/hakata/,https://mi.temirin.jp/data/contentset/tmp//F/3F/assets/spot/Xi7DXy.jpg,https://mi.temirin.jp/data/contentset/tmp//F/3F/assets/spot/nqbb9d.jpg
267,えびす家 豊橋店,居酒屋,,えびす家がご家庭へ笑顔をお届けします！,「家族全員がえびす顔！」バラエティ豊かなパーティーセットを囲んでひと時の団らんを！！,愛知県豊橋市小松町 242-2,34.742885,137.392916,(0520)37-4720,http://takeout.kora.co.jp/ebisu/,https://mi.temirin.jp/data/contentset/tmp//F/3F/assets/spot/dUMMHU.jpg,https://mi.temirin.jp/data/contentset/tmp//F/3F/assets/spot/DqWXEC.jpg
268,中洲屋,居酒屋,,子どもから大人まで楽しめる中洲屋特製の人気商品が勢ぞろい！,夕食のおかずはもちろん、お酒のおつまみにも相性バツグンの品揃えです！,愛知県豊橋市神ノ輪町 59,34.742398,137.368074,(0520)37-0451,http://takeout.kora.co.jp/nakasu/,https://mi.temirin.jp/data/contentset/tmp//F/3F/assets/spot/8llWTl.jpg,https://mi.temirin.jp/data/contentset/tmp//F/3F/assets/spot/sdfaJ6.jpg
269,身体を美しく整えるカフェ GARDENS,惣菜・オードブル・お弁当,,食事で免疫力を高めましょう！,皆さまの体に、化学物質や食品添加物を極力入れない安心なお弁当を作っています。免疫力を高め、強い体作りにお役立て下さい。,愛知県豊橋市内張町 1-9 （アイプラザ近く）,34.730867,137.378612,080ｰ6913ｰ9552,https://ameblo.jp/garden-naturalcafe/,https://mi.temirin.jp/data/contentset/tmp//F/3F/assets/spot/jrAUWS.jpg,https://mi.temirin.jp/data/contentset/tmp//F/3F/assets/spot/JCci9F.jpg
270,めん処 林屋,うどん・そば,,人気の豚の角煮丼。丼物メインのテイクアウト。,電話注文いただけると、スムーズにお渡し出来ます。,愛知県豊橋市石巻本町茶の木 12,34.808537,137.42657,(0520)88-4500,,https://mi.temirin.jp/data/contentset/tmp//F/3F/assets/spot/EjwTmu.png,https://mi.temirin.jp/data/contentset/tmp//F/3F/assets/spot/Bmx8Fk.png
272,イタリア料理の店 ボーノ ボーノ,イタリアン,,テイクアウトメニューを始めました！,美味しいイタリア料理をご家庭で！お昼のランチBOXセット以外のアラカルトメニューはご希望時間の2時間前までに予約をお願い致します。詳細はお電話で対応させて頂きます。,愛知県豊橋市新本町 49,34.766816,137.387761,(0520)52-3317,,https://mi.temirin.jp/data/contentset/tmp//F/3F/assets/spot/oTzHYc.jpg,https://mi.temirin.jp/data/contentset/tmp//F/3F/assets/spot/UbLpt6.jpg
274,ニュー東洋ホテル1（レストラン葵）,惣菜・オードブル・お弁当,,ボリューム満点！日替わりランチのテイクアウト始めました,期間限定、日替わり弁当！ご近所の方にはお馴染みのボリューム満点、メインが2品付いてくるお弁当です♪是非！お楽しみ下さい。お電話にてご注文頂けると、お渡しがスムーズです。 日替わりランチもお休みを頂いておりましたが、同時に再開致します。以前、ご購入頂いていた食券もご利用いただけます。,愛知県豊橋市白河町 2,34.761468,137.37908,(0520)32-7000,,https://mi.temirin.jp/data/contentset/tmp//F/3F/assets/spot/ZmgLj1.png,
276,居酒屋食堂 一撃,居酒屋,居酒屋,岡山名物の鉄板料理をご自宅へ　テイクアウトやっています,岡山名物のB級グルメグランプリの味を豊橋で提供します。,愛知県豊橋市前田南町 1-3-3,34.758124,137.392544,(0520)75-4749,https://izakayaichigeki.com/,https://mi.temirin.jp/data/contentset/tmp//F/3F/assets/spot/uwXBOX.png,https://mi.temirin.jp/data/contentset/tmp//F/3F/assets/spot/FgWrJ0.png
277,カレーハウス ラジャ,インド・カレー,,カレー弁当テイクアウトはじめました！！,お家でインドネシア風カレーをどうぞ。,愛知県豊橋市花園町 29,34.765561,137.387797,(0520)53-1705,,https://mi.temirin.jp/data/contentset/tmp//F/3F/assets/spot/8TxDs5.png,
278,京寿し,寿司,,こだわりのうまい寿しをゆっくりご自宅で！！,大将こだわりのネタは毎日産地直送のものを仕入れ、常にお客様に新鮮なものをご提供させていただいております。四季折々の新鮮な素材と職人の技と心でお出しする最高の味を、是非一度、ご賞味下さい。,愛知県豊橋市牛川通 3-1-2,34.781603,137.423044,(0520)62-4543,http://www.kyouzusi.com/,https://mi.temirin.jp/data/contentset/tmp//F/3F/assets/spot/9fUO3b.jpg,https://mi.temirin.jp/data/contentset/tmp//F/3F/assets/spot/tPnXOj.png
279,霧下そば 十勝庵,うどん・そば,,『Stay Home応援プロジェクトメニュー』好評です！,"当店の名物「駿河湾産桜海老のかき揚げ丼」もテイクアウトできます。その他「Stay Home応援プロジェクトメニュー」として、うどん、蕎麦の4人前セットで1,200円の『ファミリー盛り』や、ブランド豚のロースカツを「名古屋コーチン卵」でとじた「カツ丼」600円、海老天2尾と野菜天の「天丼」600円などなど、テイクアウト限定のお得なメニューをどんどん更新中！！ぜひ、当店のinstagram、twitterをチェック＆フォローして下さい。よろしくお願いします。",愛知県豊橋市南牛川 1-6-1,34.772564,137.417171,(0520)63-0820,,https://mi.temirin.jp/data/contentset/tmp//F/3F/assets/spot/7ozMpt.png,https://mi.temirin.jp/data/contentset/tmp//F/3F/assets/spot/0smSWE.png
280,特産品処 まるっとみかわ,和・洋菓子、スイーツ,,三河地域の特産品を使用したオリジナル商品を開発・販売しています。,5月よりネットショップを開設しました。「地元特産品をもっと美味しく」をテーマに開発した自慢のオリジナル商品です。地域特産品の美味しさを是非、体感してください。,愛知県豊橋市東七根町字一の沢 113-2,34.696145,137.41436,(0520)73-1986,https://maruttomikaw.theshop.jp,https://mi.temirin.jp/data/contentset/tmp//F/3F/assets/spot/bbddyS.png,https://mi.temirin.jp/data/contentset/tmp//F/3F/assets/spot/LkRjt8.png
281,Blue Rose,カフェ・喫茶店,惣菜・オードブル・お弁当,テイクアウト＆配達やってます。インスタグラムやフェイスブックからも注文できます,"・会社・事務所・現場・個人宅への配達も承ります。
価格600円～電話にてご注文ください。
※一部配達できない場所もありますので電話にてご確認お願いします",愛知県豊橋市吉川町 1-1,34.773396,137.368591,090-8864-6002,https://blue-rose-toyohashi.com/contents/,https://mi.temirin.jp/data/contentset/tmp//F/3F/assets/spot/bExmbI.jpg,https://mi.temirin.jp/data/contentset/tmp//F/3F/assets/spot/SaNW1d.jpg